date,product,daily_orders
2023-01-15,Product A,91
2023-01-16,Product A,137
2023-01-17,Product A,159
2023-01-18,Product A,178
2023-01-19,Product A,171
2023-01-20,Product A,183
2023-01-21,Product A,167
2023-01-22,Product A,162
2023-01-23,Product A,236
2023-01-24,Product A,276
2023-01-25,Product A,281
2023-01-26,Product A,293
2023-01-27,Product A,325
2023-01-28,Product A,242
2023-01-29,Product A,246
2023-01-30,Product A,404
2023-01-31,Product A,438
2023-02-01,Product A,500
2023-02-02,Product A,489
2023-02-03,Product A,507
2023-02-04,Product A,486
2023-02-05,Product A,449
2023-02-06,Product A,700
2023-02-07,Product A,716
2023-02-08,Product A,796
2023-02-09,Product A,852
2023-02-10,Product A,845
2023-02-11,Product A,755
2023-02-12,Product A,717
2023-02-13,Product A,1112
2023-02-14,Product A,1200
2023-02-15,Product A,1425
2023-02-16,Product A,1339
2023-02-17,Product A,1334
2023-02-18,Product A,1202
2023-02-19,Product A,1072
2023-02-20,Product A,1745
2023-02-21,Product A,1693
2023-02-22,Product A,1830
2023-02-23,Product A,2014
2023-02-24,Product A,2152
2023-02-25,Product A,1698
2023-02-26,Product A,1638
2023-02-27,Product A,2429
2023-02-28,Product A,2456
2023-03-01,Product A,2640
2023-03-02,Product A,2692
2023-03-03,Product A,2985
2023-03-04,Product A,2313
2023-03-05,Product A,2007
2023-03-06,Product A,3309
2023-03-07,Product A,3396
2023-03-08,Product A,3417
2023-03-09,Product A,3627
2023-03-10,Product A,3767
2023-03-11,Product A,2974
2023-03-12,Product A,2608
2023-03-13,Product A,3925
2023-03-14,Product A,4266
2023-03-15,Product A,4452
2023-03-16,Product A,4084
2023-03-17,Product A,4181
2023-03-18,Product A,3135
2023-03-19,Product A,2964
2023-03-20,Product A,4764
2023-03-21,Product A,5106
2023-03-22,Product A,4783
2023-03-23,Product A,4934
2023-03-24,Product A,4791
2023-03-25,Product A,3558
2023-03-26,Product A,3534
2023-03-27,Product A,5397
2023-03-28,Product A,5196
2023-03-29,Product A,5605
2023-03-30,Product A,4399
2023-03-31,Product A,5255
2023-04-01,Product A,3943
2023-04-02,Product A,3636
2023-04-03,Product A,5332
2023-04-04,Product A,4948
2023-04-05,Product A,5407
2023-04-06,Product A,5401
2023-04-07,Product A,5664
2023-04-08,Product A,3985
2023-04-09,Product A,3680
2023-04-10,Product A,5364
2023-04-11,Product A,5941
2023-04-12,Product A,5734
2023-04-13,Product A,5319
2023-04-14,Product A,5559
2023-04-15,Product A,4217
2023-04-16,Product A,4118
2023-04-17,Product A,5427
2023-04-18,Product A,5704
2023-04-19,Product A,5637
2023-04-20,Product A,5155
2023-04-21,Product A,5592
2023-04-22,Product A,4317
2023-04-23,Product A,3984
2023-04-24,Product A,5632
2023-04-25,Product A,5454
2023-04-26,Product A,5692
2023-04-27,Product A,5523
2023-04-28,Product A,5339
2023-04-29,Product A,4263
2023-04-30,Product A,4096
2023-05-01,Product A,6281
2023-05-02,Product A,5958
2023-05-03,Product A,5923
2023-05-04,Product A,5626
2023-05-05,Product A,5051
2023-05-06,Product A,4309
2023-05-07,Product A,4040
2023-05-08,Product A,6464
2023-05-09,Product A,5863
2023-05-10,Product A,5946
2023-05-11,Product A,5644
2023-05-12,Product A,5264
2023-05-13,Product A,4562
2023-05-14,Product A,4179
2023-05-15,Product A,5980
2023-05-16,Product A,5645
2023-05-17,Product A,6260
2023-05-18,Product A,5249
2023-05-19,Product A,5743
2023-05-20,Product A,4777
2023-05-21,Product A,3817
2023-05-22,Product A,5571
2023-05-23,Product A,5923
2023-05-24,Product A,5680
2023-05-25,Product A,5185
2023-05-26,Product A,5573
2023-05-27,Product A,4057
2023-05-28,Product A,4090
2023-05-29,Product A,5440
2023-05-30,Product A,6314
2023-05-31,Product A,5565
2023-06-01,Product A,5495
2023-06-02,Product A,5742
2023-06-03,Product A,3993
2023-06-04,Product A,4012
2023-06-05,Product A,6030
2023-06-06,Product A,5347
2023-06-07,Product A,5799
2023-06-08,Product A,5611
2023-06-09,Product A,5684
2023-06-10,Product A,3957
2023-06-11,Product A,3671
2023-06-12,Product A,5754
2023-06-13,Product A,5845
2023-06-14,Product A,5761
2023-06-15,Product A,5579
2023-06-16,Product A,5231
2023-06-17,Product A,4222
2023-06-18,Product A,3946
2023-06-19,Product A,5348
2023-06-20,Product A,6226
2023-06-21,Product A,5758
2023-06-22,Product A,5098
2023-06-23,Product A,5526
2023-06-24,Product A,3922
2023-06-25,Product A,3993
2023-06-26,Product A,5795
2023-06-27,Product A,5392
2023-06-28,Product A,5820
2023-06-29,Product A,5460
2023-06-30,Product A,5497
2023-07-01,Product A,4454
2023-07-02,Product A,3743
2023-07-03,Product A,5199
2023-07-04,Product A,5298
2023-07-05,Product A,5251
2023-07-06,Product A,5253
2023-07-07,Product A,5293
2023-07-08,Product A,4064
2023-07-09,Product A,3888
2023-07-10,Product A,5325
2023-07-11,Product A,5858
2023-07-12,Product A,5320
2023-07-13,Product A,5899
2023-07-14,Product A,5283
2023-07-15,Product A,3777
2023-07-16,Product A,3477
2023-07-17,Product A,5363
2023-07-18,Product A,5313
2023-07-19,Product A,5493
2023-07-20,Product A,5229
2023-07-21,Product A,5021
2023-07-22,Product A,3716
2023-07-23,Product A,3339
2023-07-24,Product A,5034
2023-07-25,Product A,5509
2023-07-26,Product A,5270
2023-07-27,Product A,4708
2023-07-28,Product A,4996
2023-07-29,Product A,3887
2023-07-30,Product A,3394
2023-07-31,Product A,5099
2023-08-01,Product A,5206
2023-08-02,Product A,4830
2023-08-03,Product A,5021
2023-08-04,Product A,5002
2023-08-05,Product A,3950
2023-08-06,Product A,3672
2023-08-07,Product A,4628
2023-08-08,Product A,4860
2023-08-09,Product A,5162
2023-08-10,Product A,4970
2023-08-11,Product A,4903
2023-08-12,Product A,4390
2023-08-13,Product A,3524
2023-08-14,Product A,5160
2023-08-15,Product A,5248
2023-08-16,Product A,5104
2023-08-17,Product A,4685
2023-08-18,Product A,4874
2023-08-19,Product A,3476
2023-08-20,Product A,3326
2023-08-21,Product A,4680
2023-08-22,Product A,4942
2023-08-23,Product A,5419
2023-08-24,Product A,4241
2023-08-25,Product A,4772
2023-08-26,Product A,3267
2023-08-27,Product A,3230
2023-08-28,Product A,4972
2023-08-29,Product A,4853
2023-08-30,Product A,4518
2023-08-31,Product A,4434
2023-09-01,Product A,4691
2023-09-02,Product A,3367
2023-09-03,Product A,3289
2023-09-04,Product A,4649
2023-09-05,Product A,4604
2023-09-06,Product A,5202
2023-09-07,Product A,4669
2023-09-08,Product A,4013
2023-09-09,Product A,3472
2023-09-10,Product A,3098
2023-09-11,Product A,4762
2023-09-12,Product A,4502
2023-09-13,Product A,4602
2023-09-14,Product A,4571
2023-09-15,Product A,4591
2023-09-16,Product A,3187
2023-09-17,Product A,3105
2023-09-18,Product A,4397
2023-09-19,Product A,4472
2023-09-20,Product A,4969
2023-09-21,Product A,4489
2023-09-22,Product A,4069
2023-09-23,Product A,3501
2023-09-24,Product A,3450
2023-09-25,Product A,4678
2023-09-26,Product A,4220
2023-09-27,Product A,4403
2023-09-28,Product A,4624
2023-09-29,Product A,4142
2023-09-30,Product A,3384
2023-10-01,Product A,3205
2023-10-02,Product A,4197
2023-10-03,Product A,4507
2023-10-04,Product A,3743
2023-10-05,Product A,4086
2023-10-06,Product A,4200
2023-10-07,Product A,3076
2023-10-08,Product A,3308
2023-10-09,Product A,4052
2023-10-10,Product A,4386
2023-10-11,Product A,4461
2023-10-12,Product A,4583
2023-10-13,Product A,3921
2023-10-14,Product A,3448
2023-10-15,Product A,3040
2023-10-16,Product A,4125
2023-10-17,Product A,4561
2023-10-18,Product A,4452
2023-10-19,Product A,4126
2023-10-20,Product A,4218
2023-10-21,Product A,3181
2023-10-22,Product A,3043
2023-10-23,Product A,4465
2023-10-24,Product A,4796
2023-10-25,Product A,4123
2023-10-26,Product A,4695
2023-10-27,Product A,3785
2023-10-28,Product A,3213
2023-10-29,Product A,3110
2023-10-30,Product A,4377
2023-10-31,Product A,4302
2023-11-01,Product A,4348
2023-11-02,Product A,4137
2023-11-03,Product A,4072
2023-11-04,Product A,3377
2023-11-05,Product A,3079
2023-11-06,Product A,4173
2023-11-07,Product A,4648
2023-11-08,Product A,4470
2023-11-09,Product A,4425
2023-11-10,Product A,4340
2023-11-11,Product A,3115
2023-11-12,Product A,2950
2023-11-13,Product A,4502
2023-11-14,Product A,4603
2023-11-15,Product A,4418
2023-11-16,Product A,4299
2023-11-17,Product A,4500
2023-11-18,Product A,3172
2023-11-19,Product A,3137
2023-11-20,Product A,4323
2023-11-21,Product A,4448
2023-11-22,Product A,4699
2023-11-23,Product A,4483
2023-11-24,Product A,4436
2023-11-25,Product A,3510
2023-11-26,Product A,3083
2023-11-27,Product A,4556
2023-11-28,Product A,4467
2023-11-29,Product A,4569
2023-11-30,Product A,4319
2023-12-01,Product A,4326
2023-12-02,Product A,3428
2023-12-03,Product A,2985
2023-12-04,Product A,4920
2023-12-05,Product A,4358
2023-12-06,Product A,4272
2023-12-07,Product A,4653
2023-12-08,Product A,4530
2023-12-09,Product A,3475
2023-12-10,Product A,3250
2023-12-11,Product A,4508
2023-12-12,Product A,4440
2023-12-13,Product A,4626
2023-12-14,Product A,4307
2023-12-15,Product A,4633
2023-12-16,Product A,3393
2023-12-17,Product A,3065
2023-12-18,Product A,4503
2023-12-19,Product A,4815
2023-12-20,Product A,4546
2023-12-21,Product A,4340
2023-12-22,Product A,4541
2023-12-23,Product A,3514
2023-12-24,Product A,3165
2023-12-25,Product A,4540
2023-12-26,Product A,4850
2023-12-27,Product A,4410
2023-12-28,Product A,4277
2023-12-29,Product A,4397
2023-12-30,Product A,3492
2023-12-31,Product A,3354
2024-01-01,Product A,5079
2024-01-02,Product A,5086
2024-01-03,Product A,4799
2024-01-04,Product A,4677
2024-01-05,Product A,4409
2024-01-06,Product A,3589
2024-01-07,Product A,3313
2024-01-08,Product A,4893
2024-01-09,Product A,4760
2024-01-10,Product A,5053
2024-01-11,Product A,5132
2024-01-12,Product A,4701
2024-01-13,Product A,3732
2024-01-14,Product A,3542
2024-01-15,Product A,4806
2024-01-16,Product A,5114
2024-01-17,Product A,5020
2024-01-18,Product A,4880
2024-01-19,Product A,4629
2024-01-20,Product A,3732
2024-01-21,Product A,3575
2024-01-22,Product A,5359
2024-01-23,Product A,5400
2024-01-24,Product A,5662
2024-01-25,Product A,4758
2024-01-26,Product A,5120
2024-01-27,Product A,3832
2024-01-28,Product A,3943
2024-01-29,Product A,4884
2024-01-30,Product A,5029
2024-01-31,Product A,5051
2024-02-01,Product A,4505
2024-02-02,Product A,4866
2024-02-03,Product A,3721
2024-02-04,Product A,3647
2024-02-05,Product A,5273
2024-02-06,Product A,5847
2024-02-07,Product A,5555
2024-02-08,Product A,4984
2024-02-09,Product A,4860
2024-02-10,Product A,4035
2024-02-11,Product A,3441
2024-02-12,Product A,5760
2024-02-13,Product A,5762
2024-02-14,Product A,5270
2024-02-15,Product A,4775
2024-02-16,Product A,5528
2024-02-17,Product A,3984
2024-02-18,Product A,3980
2024-02-19,Product A,4940
2024-02-20,Product A,5368
2024-02-21,Product A,5490
2024-02-22,Product A,5323
2024-02-23,Product A,5145
2024-02-24,Product A,4199
2024-02-25,Product A,3606
2024-02-26,Product A,5416
2024-02-27,Product A,5657
2024-02-28,Product A,5719
2024-02-29,Product A,5586
2024-03-01,Product A,5045
2024-03-02,Product A,3818
2024-03-03,Product A,4115
2024-03-04,Product A,5629
2024-03-05,Product A,5493
2024-03-06,Product A,6096
2024-03-07,Product A,5503
2024-03-08,Product A,5741
2024-03-09,Product A,4208
2024-03-10,Product A,4325
2024-03-11,Product A,6105
2024-03-12,Product A,5711
2024-03-13,Product A,6011
2024-03-14,Product A,5722
2024-03-15,Product A,5867
2024-03-16,Product A,4042
2024-03-17,Product A,4106
2024-03-18,Product A,5982
2024-03-19,Product A,5338
2024-03-20,Product A,5457
2024-03-21,Product A,5036
2024-03-22,Product A,5479
2024-03-23,Product A,4448
2024-03-24,Product A,4315
2024-03-25,Product A,5763
2024-03-26,Product A,6395
2024-03-27,Product A,5455
2024-03-28,Product A,5181
2024-03-29,Product A,5592
2024-03-30,Product A,4418
2024-03-31,Product A,4044
2024-04-01,Product A,5194
2024-04-02,Product A,5939
2024-04-03,Product A,5523
2024-04-04,Product A,5901
2024-04-05,Product A,5756
2024-04-06,Product A,4163
2024-04-07,Product A,3976
2024-04-08,Product A,5526
2024-04-09,Product A,5988
2024-04-10,Product A,6233
2024-04-11,Product A,5464
2024-04-12,Product A,5831
2024-04-13,Product A,4278
2024-04-14,Product A,3941
2024-04-15,Product A,5835
2024-04-16,Product A,5725
2024-04-17,Product A,5812
2024-04-18,Product A,5428
2024-04-19,Product A,6273
2024-04-20,Product A,4420
2024-04-21,Product A,3975
2024-04-22,Product A,5951
2024-04-23,Product A,6024
2024-04-24,Product A,5929
2024-04-25,Product A,5967
2024-04-26,Product A,5943
2024-04-27,Product A,4304
2024-04-28,Product A,4009
2024-04-29,Product A,5816
2024-04-30,Product A,5368
2024-05-01,Product A,5547
2024-05-02,Product A,6190
2024-05-03,Product A,6201
2024-05-04,Product A,4368
2024-05-05,Product A,4247
2024-05-06,Product A,5988
2024-05-07,Product A,6997
2024-05-08,Product A,6333
2024-05-09,Product A,5751
2024-05-10,Product A,5449
2024-05-11,Product A,4061
2024-05-12,Product A,4162
2024-05-13,Product A,5661
2024-05-14,Product A,5618
2024-05-15,Product A,5788
2024-05-16,Product A,5459
2024-05-17,Product A,6185
2024-05-18,Product A,4595
2024-05-19,Product A,4103
2024-05-20,Product A,6294
2024-05-21,Product A,6046
2024-05-22,Product A,5698
2024-05-23,Product A,6181
2024-05-24,Product A,5828
2024-05-25,Product A,4150
2024-05-26,Product A,4043
2024-05-27,Product A,5571
2024-05-28,Product A,5573
2024-05-29,Product A,6191
2024-05-30,Product A,6251
2024-05-31,Product A,5242
2024-06-01,Product A,4469
2024-06-02,Product A,3920
2024-06-03,Product A,5641
2024-06-04,Product A,5764
2024-06-05,Product A,5616
2024-06-06,Product A,5673
2024-06-07,Product A,5356
2024-06-08,Product A,4367
2024-06-09,Product A,4006
2024-06-10,Product A,5660
2024-06-11,Product A,5617
2024-06-12,Product A,5645
2024-06-13,Product A,5814
2024-06-14,Product A,5670
2024-06-15,Product A,4055
2024-06-16,Product A,3993
2024-06-17,Product A,5880
2024-06-18,Product A,5333
2024-06-19,Product A,5903
2024-06-20,Product A,5355
2024-06-21,Product A,5623
2024-06-22,Product A,4052
2024-06-23,Product A,3571
2024-06-24,Product A,5142
2024-06-25,Product A,5760
2024-06-26,Product A,5748
2024-06-27,Product A,5220
2024-06-28,Product A,5568
2024-06-29,Product A,3812
2024-06-30,Product A,3860
2024-07-01,Product A,5187
2024-07-02,Product A,5482
2024-07-03,Product A,5608
2024-07-04,Product A,5158
2024-07-05,Product A,5216
2024-07-06,Product A,4303
2024-07-07,Product A,3706
2024-07-08,Product A,5666
2024-07-09,Product A,5267
2024-07-10,Product A,5656
2024-07-11,Product A,5690
2024-07-12,Product A,4589
2024-07-13,Product A,3873
2024-07-14,Product A,3864
2024-07-15,Product A,5299
2024-07-16,Product A,5595
2024-07-17,Product A,5258
2024-07-18,Product A,5244
2024-07-19,Product A,5111
2024-07-20,Product A,4199
2024-07-21,Product A,3741
2024-07-22,Product A,5353
2024-07-23,Product A,5290
2024-07-24,Product A,5201
2024-07-25,Product A,5022
2024-07-26,Product A,5163
2024-07-27,Product A,3817
2024-07-28,Product A,3683
2024-07-29,Product A,5710
2024-07-30,Product A,5539
2024-07-31,Product A,5152
2024-08-01,Product A,5346
2024-08-02,Product A,4873
2024-08-03,Product A,3440
2024-08-04,Product A,3387
2024-08-05,Product A,4607
2024-08-06,Product A,5122
2024-08-07,Product A,5150
2024-08-08,Product A,5370
2024-08-09,Product A,4967
2024-08-10,Product A,3722
2024-08-11,Product A,3648
2024-08-12,Product A,4440
2024-08-13,Product A,5182
2024-08-14,Product A,5249
2024-08-15,Product A,4507
2024-08-16,Product A,5075
2024-08-17,Product A,3759
2024-08-18,Product A,3370
2024-08-19,Product A,5059
2024-08-20,Product A,5603
2024-08-21,Product A,5011
2024-08-22,Product A,4841
2024-08-23,Product A,4608
2024-08-24,Product A,3478
2024-08-25,Product A,3522
2024-08-26,Product A,4613
2024-08-27,Product A,4963
2024-08-28,Product A,4765
2024-08-29,Product A,4813
2024-08-30,Product A,4715
2024-08-31,Product A,3757
2024-09-01,Product A,3241
2024-09-02,Product A,4677
2024-09-03,Product A,4627
2024-09-04,Product A,4695
2024-09-05,Product A,4713
2024-09-06,Product A,4737
2024-09-07,Product A,3353
2024-09-08,Product A,3416
2024-09-09,Product A,4984
2024-09-10,Product A,4889
2024-09-11,Product A,5173
2024-09-12,Product A,4380
2024-09-13,Product A,4217
2024-09-14,Product A,3156
2024-09-15,Product A,3468
2024-09-16,Product A,4752
2024-09-17,Product A,4710
2024-09-18,Product A,4730
2024-09-19,Product A,4242
2024-09-20,Product A,4979
2024-09-21,Product A,3441
2024-09-22,Product A,3203
2024-09-23,Product A,4708
2024-09-24,Product A,4777
2024-09-25,Product A,4660
2024-09-26,Product A,4266
2024-09-27,Product A,4489
2024-09-28,Product A,3699
2024-09-29,Product A,3362
2024-09-30,Product A,4852
2024-10-01,Product A,4498
2024-10-02,Product A,4335
2024-10-03,Product A,4370
2024-10-04,Product A,4355
2024-10-05,Product A,3532
2024-10-06,Product A,2858
2024-10-07,Product A,4796
2024-10-08,Product A,4541
2024-10-09,Product A,4428
2024-10-10,Product A,4142
2024-10-11,Product A,3954
2024-10-12,Product A,3462
2024-10-13,Product A,3112
2024-10-14,Product A,4141
2024-10-15,Product A,4255
2024-10-16,Product A,4423
2024-10-17,Product A,4702
2024-10-18,Product A,4233
2024-10-19,Product A,3060
2024-10-20,Product A,3049
2024-10-21,Product A,4348
2024-10-22,Product A,3921
2024-10-23,Product A,4471
2024-10-24,Product A,4277
2024-10-25,Product A,4427
2024-10-26,Product A,3607
2024-10-27,Product A,3255
2024-10-28,Product A,4343
2024-10-29,Product A,4277
2024-10-30,Product A,5056
2024-10-31,Product A,4337
2024-11-01,Product A,4280
2024-11-02,Product A,3299
2024-11-03,Product A,3114
2024-11-04,Product A,4374
2024-11-05,Product A,4403
2024-11-06,Product A,4365
2024-11-07,Product A,4327
2024-11-08,Product A,4171
2024-11-09,Product A,3194
2024-11-10,Product A,3110
2024-11-11,Product A,4365
2024-11-12,Product A,4894
2024-11-13,Product A,3909
2024-11-14,Product A,4591
2024-11-15,Product A,4578
2024-11-16,Product A,2984
2024-11-17,Product A,3057
2024-11-18,Product A,4366
2024-11-19,Product A,4258
2024-11-20,Product A,4360
2024-11-21,Product A,4141
2024-11-22,Product A,4722
2024-11-23,Product A,3513
2024-11-24,Product A,3335
2024-11-25,Product A,4648
2024-11-26,Product A,4359
2024-11-27,Product A,4458
2024-11-28,Product A,4534
2024-11-29,Product A,4115
2024-11-30,Product A,3510
2024-12-01,Product A,3130
2024-12-02,Product A,4449
2024-12-03,Product A,4837
2024-12-04,Product A,4732
2024-12-05,Product A,4396
2024-12-06,Product A,4692
2024-12-07,Product A,3244
2024-12-08,Product A,3306
2024-12-09,Product A,4727
2024-12-10,Product A,4658
2024-12-11,Product A,4766
2024-12-12,Product A,4253
2024-12-13,Product A,4703
2024-12-14,Product A,3445
2024-12-15,Product A,3167
2024-12-16,Product A,4901
2024-12-17,Product A,4631
2024-12-18,Product A,4424
2024-12-19,Product A,4246
2024-12-20,Product A,4702
2024-12-21,Product A,3305
2024-12-22,Product A,3593
2024-12-23,Product A,4238
2024-12-24,Product A,5290
2024-12-25,Product A,4887
2024-12-26,Product A,4657
2024-12-27,Product A,4513
2024-12-28,Product A,3662
2024-12-29,Product A,3353
2024-12-30,Product A,5076
2024-12-31,Product A,4988
2025-01-01,Product A,4945
2025-01-02,Product A,4663
2025-01-03,Product A,4695
2025-01-04,Product A,3701
2025-01-05,Product A,3118
2025-01-06,Product A,4555
2025-01-07,Product A,5224
2025-01-08,Product A,5039
2025-01-09,Product A,4791
2025-01-10,Product A,4799
2025-01-11,Product A,3775
2025-01-12,Product A,3379
2025-01-13,Product A,4781
2025-01-14,Product A,5180
2025-01-15,Product A,4840
2025-01-16,Product A,5026
2025-01-17,Product A,4468
2025-01-18,Product A,3975
2025-01-19,Product A,3621
2025-01-20,Product A,5132
2025-01-21,Product A,5483
2025-01-22,Product A,5616
2025-01-23,Product A,5273
2025-01-24,Product A,4518
2025-01-25,Product A,3605
2025-01-26,Product A,3492
2025-01-27,Product A,5170
2025-01-28,Product A,5462
2025-01-29,Product A,5090
2025-01-30,Product A,5160
2025-01-31,Product A,4877
2025-02-01,Product A,3803
2025-02-02,Product A,3413
2025-02-03,Product A,5016
2025-02-04,Product A,5056
2025-02-05,Product A,5117
2025-02-06,Product A,5481
2025-02-07,Product A,4917
2025-02-08,Product A,4521
2025-02-09,Product A,3830
2025-02-10,Product A,5403
2025-02-11,Product A,5284
2025-02-12,Product A,5667
2025-02-13,Product A,5147
2025-02-14,Product A,5285
2025-02-15,Product A,4586
2025-02-16,Product A,3785
2025-02-17,Product A,5760
2025-02-18,Product A,5418
2025-02-19,Product A,5560
2025-02-20,Product A,5867
2025-02-21,Product A,5174
2025-02-22,Product A,4508
2025-02-23,Product A,4004
2025-02-24,Product A,5381
2025-02-25,Product A,5888
2025-02-26,Product A,5935
2025-02-27,Product A,5646
2025-02-28,Product A,5001
2025-03-01,Product A,4046
2025-03-02,Product A,3878
2025-03-03,Product A,5601
2025-03-04,Product A,5974
2025-03-05,Product A,5796
2025-03-06,Product A,5186
2025-03-07,Product A,5611
2025-03-08,Product A,4389
2025-03-09,Product A,4095
2025-03-10,Product A,6009
2025-03-11,Product A,6120
2025-03-12,Product A,5957
2025-03-13,Product A,5612
2025-03-14,Product A,5116
2025-03-15,Product A,4408
2025-03-16,Product A,4076
2025-03-17,Product A,5852
2025-03-18,Product A,5568
2025-03-19,Product A,5576
2025-03-20,Product A,6000
2025-03-21,Product A,5634
2025-03-22,Product A,4514
2025-03-23,Product A,4086
2025-03-24,Product A,5846
2025-03-25,Product A,6295
2025-03-26,Product A,5804
2025-03-27,Product A,5787
2025-03-28,Product A,5571
2025-03-29,Product A,4313
2025-03-30,Product A,4056
2025-03-31,Product A,5958
2025-04-01,Product A,5923
2025-04-02,Product A,6388
2025-04-03,Product A,5549
2025-04-04,Product A,5697
2025-04-05,Product A,4347
2025-04-06,Product A,4453
2025-04-07,Product A,5997
2025-04-08,Product A,6429
2025-04-09,Product A,5605
2025-04-10,Product A,5928
2025-04-11,Product A,6047
2025-04-12,Product A,4492
2025-04-13,Product A,4401
2025-04-14,Product A,5819
2025-04-15,Product A,6582
2025-04-16,Product A,6787
2025-04-17,Product A,5773
2025-04-18,Product A,5688
2025-04-19,Product A,4821
2025-04-20,Product A,4528
2025-04-21,Product A,5841
2025-04-22,Product A,6042
2025-04-23,Product A,6023
2025-04-24,Product A,5502
2025-04-25,Product A,5567
2025-04-26,Product A,4280
2025-04-27,Product A,4045
2025-04-28,Product A,6001
2025-04-29,Product A,6256
2025-04-30,Product A,6593
2025-05-01,Product A,5612
2025-05-02,Product A,6129
2025-05-03,Product A,4462
2025-05-04,Product A,4199
2025-05-05,Product A,6216
2025-05-06,Product A,5837
2025-05-07,Product A,6234
2025-05-08,Product A,5953
2025-05-09,Product A,5981
2025-05-10,Product A,4570
2025-05-11,Product A,4720
2025-05-12,Product A,5812
2025-05-13,Product A,6008
2025-05-14,Product A,5914
2025-05-15,Product A,5726
2025-05-16,Product A,5636
2025-05-17,Product A,4759
2025-05-18,Product A,4488
2025-05-19,Product A,5812
2025-05-20,Product A,5893
2025-05-21,Product A,6223
2025-05-22,Product A,5703
2025-05-23,Product A,5979
2025-05-24,Product A,4516
2025-05-25,Product A,3853
2025-05-26,Product A,6411
2025-05-27,Product A,6664
2025-05-28,Product A,5859
2025-05-29,Product A,5716
2025-05-30,Product A,5841
2025-05-31,Product A,4516
2025-06-01,Product A,4277
2025-06-02,Product A,6503
2025-06-03,Product A,6017
2025-06-04,Product A,5759
2025-06-05,Product A,5385
2025-06-06,Product A,5504
2025-06-07,Product A,4397
2025-06-08,Product A,4474
2025-06-09,Product A,5705
2025-06-10,Product A,6083
2025-06-11,Product A,5939
2025-06-12,Product A,6070
2025-06-13,Product A,6372
2025-06-14,Product A,4245
2025-06-15,Product A,3964
2025-06-16,Product A,6099
2025-06-17,Product A,6155
2025-06-18,Product A,6422
2025-06-19,Product A,5831
2025-06-20,Product A,5493
2025-06-21,Product A,4438
2025-06-22,Product A,4239
2025-06-23,Product A,5962
2025-06-24,Product A,6029
2025-06-25,Product A,6117
2025-06-26,Product A,5922
2025-06-27,Product A,5904
2025-06-28,Product A,4393
2025-06-29,Product A,3931
2025-06-30,Product A,5693
2025-07-01,Product A,6151
2025-07-02,Product A,5494
2025-07-03,Product A,5620
2025-07-04,Product A,5338
2025-07-05,Product A,4201
2025-07-06,Product A,4157
2025-07-07,Product A,5623
2025-07-08,Product A,5729
2025-07-09,Product A,5259
2025-07-10,Product A,5638
2025-07-11,Product A,5536
2025-07-12,Product A,4578
2025-07-13,Product A,3787
2025-07-14,Product A,5543
2025-07-15,Product A,5696
2025-07-16,Product A,5992
2025-07-17,Product A,5323
2025-07-18,Product A,5350
2025-07-19,Product A,4187
2025-07-20,Product A,3819
2025-07-21,Product A,5272
2025-07-22,Product A,5587
2025-07-23,Product A,5754
2025-07-24,Product A,4989
2025-07-25,Product A,5222
2025-07-26,Product A,3855
2025-07-27,Product A,3942
2025-07-28,Product A,4897
2025-07-29,Product A,5286
2025-07-30,Product A,5468
2025-07-31,Product A,5572
2025-08-01,Product A,5081
2025-08-02,Product A,3816
2025-08-03,Product A,3998
2025-08-04,Product A,4830
2025-08-05,Product A,4755
2025-08-06,Product A,5388
2025-08-07,Product A,4949
2025-08-08,Product A,4752
2025-08-09,Product A,3992
2025-08-10,Product A,3633
2025-08-11,Product A,4971
2025-08-12,Product A,4912
2025-08-13,Product A,5405
2025-08-14,Product A,5149
2025-08-15,Product A,4894
2025-08-16,Product A,4137
2025-08-17,Product A,3337
2025-08-18,Product A,4641
2025-08-19,Product A,4977
2025-08-20,Product A,5076
2025-08-21,Product A,4958
2025-08-22,Product A,4774
2025-08-23,Product A,3787
2025-08-24,Product A,3248
2025-08-25,Product A,5294
2025-08-26,Product A,5045
2025-08-27,Product A,5279
2025-08-28,Product A,4898
2025-08-29,Product A,4859
2025-08-30,Product A,3763
2025-08-31,Product A,3483
2025-09-01,Product A,5011
2025-09-02,Product A,5313
2025-09-03,Product A,4966
2025-09-04,Product A,4904
2025-09-05,Product A,4652
2025-09-06,Product A,3859
2025-09-07,Product A,3239
2025-09-08,Product A,5209
2025-09-09,Product A,4894
2025-09-10,Product A,4495
2025-09-11,Product A,4694
2025-09-12,Product A,4446
2025-09-13,Product A,3695
2025-09-14,Product A,3195
2025-09-15,Product A,4604
2025-09-16,Product A,4377
2025-09-17,Product A,4665
2025-09-18,Product A,4042
2025-09-19,Product A,4180
2025-09-20,Product A,3631
2025-09-21,Product A,3387
2025-09-22,Product A,4746
2025-09-23,Product A,4541
2025-09-24,Product A,4702
2025-09-25,Product A,4541
2025-09-26,Product A,4225
2025-09-27,Product A,3716
2025-09-28,Product A,3362
2025-09-29,Product A,4544
2025-09-30,Product A,4725
2025-10-01,Product A,4711
2025-10-02,Product A,4036
2025-10-03,Product A,4384
2025-10-04,Product A,3306
2025-10-05,Product A,3030
2025-10-06,Product A,4488
2025-10-07,Product A,5097
2025-10-08,Product A,4770
2025-10-09,Product A,4329
2025-10-10,Product A,4529
2025-10-11,Product A,3633
2025-10-12,Product A,3313
2025-10-13,Product A,4533
2025-10-14,Product A,4494
2025-10-15,Product A,4752
2025-10-16,Product A,4517
2025-10-17,Product A,4573
2025-10-18,Product A,3484
2025-10-19,Product A,3315
2025-10-20,Product A,4378
2025-10-21,Product A,4929
2025-10-22,Product A,4618
2025-10-23,Product A,4871
2025-10-24,Product A,4212
2025-10-25,Product A,3659
2025-10-26,Product A,3173
2025-10-27,Product A,4342
2025-10-28,Product A,4504
2025-10-29,Product A,4493
2025-10-30,Product A,4501
2025-10-31,Product A,4473
2025-11-01,Product A,3269
2025-11-02,Product A,3138
2025-11-03,Product A,4970
2025-11-04,Product A,5017
2025-11-05,Product A,4670
2025-11-06,Product A,4422
2025-11-07,Product A,4393
2025-11-08,Product A,3476
2025-11-09,Product A,2988
2025-11-10,Product A,4444
2025-11-11,Product A,4246
2025-11-12,Product A,4678
2025-11-13,Product A,4574
2025-11-14,Product A,4279
2025-11-15,Product A,3655
2025-11-16,Product A,2971
2025-11-17,Product A,4194
2025-11-18,Product A,4712
2025-11-19,Product A,4856
2025-11-20,Product A,4835
2025-11-21,Product A,4313
2025-11-22,Product A,3596
2025-11-23,Product A,3182
2025-11-24,Product A,4521
2025-11-25,Product A,4904
2025-11-26,Product A,4805
2025-11-27,Product A,4144
2025-11-28,Product A,4784
2025-11-29,Product A,3682
2025-11-30,Product A,3119
2025-12-01,Product A,4697
2025-12-02,Product A,4862
2025-12-03,Product A,4764
2025-12-04,Product A,4422
2025-12-05,Product A,4353
2025-12-06,Product A,3479
2025-12-07,Product A,3448
2025-12-08,Product A,4788
2025-12-09,Product A,4715
2025-12-10,Product A,4946
2025-12-11,Product A,3950
2025-12-12,Product A,4826
2025-12-13,Product A,3223
2025-12-14,Product A,3242
2025-12-15,Product A,4462
2025-12-16,Product A,4556
2025-12-17,Product A,5110
2025-12-18,Product A,4563
2025-12-19,Product A,4711
2025-12-20,Product A,3575
2025-12-21,Product A,3432
2025-12-22,Product A,4818
2025-12-23,Product A,4630
2025-12-24,Product A,5151
2025-12-25,Product A,4630
2025-12-26,Product A,4340
2025-12-27,Product A,3564
2025-12-28,Product A,3663
2025-12-29,Product A,5087
2025-12-30,Product A,4943
2025-12-31,Product A,4903
2026-01-01,Product A,4751
2026-01-02,Product A,5284
2026-01-03,Product A,3776
2026-01-04,Product A,3541
2026-01-05,Product A,5221
2026-01-06,Product A,5181
2026-01-07,Product A,5013
2026-01-08,Product A,4868
2026-01-09,Product A,4856
2026-01-10,Product A,3765
2026-01-11,Product A,3659
2026-01-12,Product A,5070
2026-01-13,Product A,5406
2026-01-14,Product A,5152
2026-01-15,Product A,5027
2026-01-16,Product A,4468
2026-01-17,Product A,4019
2026-01-18,Product A,3658
2026-01-19,Product A,5408
2026-01-20,Product A,4543
2026-01-21,Product A,5820
2026-01-22,Product A,5065
2026-01-23,Product A,5338
2026-01-24,Product A,3711
2026-01-25,Product A,3776
2026-01-26,Product A,4972
2026-01-27,Product A,5243
2026-01-28,Product A,5883
2026-01-29,Product A,5147
2026-01-30,Product A,5209
2026-01-31,Product A,4162
2026-02-01,Product A,3825
2026-02-02,Product A,5386
2026-02-03,Product A,5613
2026-02-04,Product A,6126
2026-02-05,Product A,5277
2026-02-06,Product A,5300
2026-02-07,Product A,4275
2026-02-08,Product A,4010
2026-02-09,Product A,5766
2026-02-10,Product A,5792
2026-02-11,Product A,5249
2026-02-12,Product A,5827
2026-02-13,Product A,5035
2026-02-14,Product A,4196
2026-02-15,Product A,3721
2026-02-16,Product A,5521
2026-02-17,Product A,5804
2026-02-18,Product A,5754
2026-02-19,Product A,5595
2026-02-20,Product A,5870
2026-02-21,Product A,4299
2026-02-22,Product A,3884
2026-02-23,Product A,5902
2026-02-24,Product A,6149
2026-02-25,Product A,5402
2026-02-26,Product A,5735
2026-02-27,Product A,5712
2026-02-28,Product A,4206
2026-03-01,Product A,4269
2026-03-02,Product A,5675
2026-03-03,Product A,5930
2026-03-04,Product A,5792
2026-03-05,Product A,5656
2026-03-06,Product A,5294
2026-03-07,Product A,4020
2026-03-08,Product A,4375
2026-03-09,Product A,5554
2026-03-10,Product A,5680
2026-03-11,Product A,5286
2026-03-12,Product A,5546
2026-03-13,Product A,5301
2026-03-14,Product A,4750
2026-03-15,Product A,4312
2026-03-16,Product A,5672
2026-03-17,Product A,6734
2026-03-18,Product A,6292
2026-03-19,Product A,5705
2026-03-20,Product A,5026
2026-03-21,Product A,4951
2026-03-22,Product A,3864
2026-03-23,Product A,5452
2026-03-24,Product A,6432
2026-03-25,Product A,6803
2026-03-26,Product A,6267
2026-03-27,Product A,5968
2026-03-28,Product A,4620
2026-03-29,Product A,4372
2026-03-30,Product A,6226
2026-03-31,Product A,6264
2026-04-01,Product A,6151
2026-04-02,Product A,5895
2026-04-03,Product A,5634
2026-04-04,Product A,4461
2026-04-05,Product A,3870
2026-04-06,Product A,6016
2026-04-07,Product A,5917
2026-04-08,Product A,5825
2026-04-09,Product A,6010
2026-04-10,Product A,6306
2026-04-11,Product A,4764
2026-04-12,Product A,3921
2026-04-13,Product A,5782
2026-04-14,Product A,6556
2026-04-15,Product A,5895
2026-04-16,Product A,5921
2026-04-17,Product A,6089
2026-04-18,Product A,4356
2026-04-19,Product A,4297
2026-04-20,Product A,5702
2026-04-21,Product A,6098
2026-04-22,Product A,6323
2026-04-23,Product A,5531
2026-04-24,Product A,6076
2026-04-25,Product A,4587
2026-04-26,Product A,4405
2026-04-27,Product A,6193
2026-04-28,Product A,6731
2026-04-29,Product A,6274
2026-04-30,Product A,5890
2026-05-01,Product A,5990
2026-05-02,Product A,4721
2026-05-03,Product A,4300
2026-05-04,Product A,6141
2026-05-05,Product A,6081
2026-05-06,Product A,6028
2026-05-07,Product A,5596
2026-05-08,Product A,6471
2026-05-09,Product A,4307
2026-05-10,Product A,4137
2026-05-11,Product A,5900
2026-05-12,Product A,6574
2026-05-13,Product A,6132
2026-05-14,Product A,6380
2026-05-15,Product A,5736
2026-05-16,Product A,4644
2026-05-17,Product A,4094
2026-05-18,Product A,6755
2026-05-19,Product A,5898
2026-05-20,Product A,6296
2026-05-21,Product A,6171
2026-05-22,Product A,6033
2026-05-23,Product A,4517
2026-05-24,Product A,4225
2026-05-25,Product A,6083
2026-05-26,Product A,6192
2026-05-27,Product A,6463
2026-05-28,Product A,6604
2026-05-29,Product A,5711
2026-05-30,Product A,4220
2026-05-31,Product A,4206
2026-06-01,Product A,6806
2026-06-02,Product A,5945
2026-06-03,Product A,6622
2026-06-04,Product A,6397
2026-06-05,Product A,5668
2026-06-06,Product A,4622
2026-06-07,Product A,4530
2026-06-08,Product A,5864
2026-06-09,Product A,6077
2026-06-10,Product A,5889
2026-06-11,Product A,5550
2026-06-12,Product A,5586
2026-06-13,Product A,4178
2026-06-14,Product A,4155
2026-06-15,Product A,5688
2026-06-16,Product A,6146
2026-06-17,Product A,5534
2026-06-18,Product A,5879
2026-06-19,Product A,5948
2026-06-20,Product A,3962
2026-06-21,Product A,4177
2026-06-22,Product A,6206
2026-06-23,Product A,5640
2026-06-24,Product A,6424
2026-06-25,Product A,5832
2026-06-26,Product A,5440
2026-06-27,Product A,4333
2026-06-28,Product A,4160
2026-06-29,Product A,5792
2026-06-30,Product A,6083
2026-07-01,Product A,5580
2026-07-02,Product A,5682
2026-07-03,Product A,5168
2026-07-04,Product A,4260
2026-07-05,Product A,3809
2026-07-06,Product A,5479
2026-07-07,Product A,6198
2026-07-08,Product A,6078
2026-07-09,Product A,5720
2026-07-10,Product A,5178
2026-07-11,Product A,4152
2026-07-12,Product A,4167
2026-07-13,Product A,5640
2026-07-14,Product A,6413
2026-07-15,Product A,5784
2026-07-16,Product A,5516
2026-07-17,Product A,5307
2026-07-18,Product A,4179
2026-07-19,Product A,3836
2026-07-20,Product A,5704
2026-07-21,Product A,5923
2026-07-22,Product A,5359
2026-07-23,Product A,5015
2026-07-24,Product A,4813
2026-07-25,Product A,4185
2026-07-26,Product A,3590
2026-07-27,Product A,4832
2026-07-28,Product A,5663
2026-07-29,Product A,6166
2026-07-30,Product A,5278
2026-07-31,Product A,5426
2026-08-01,Product A,4027
2026-08-02,Product A,3715
2026-08-03,Product A,5565
2026-08-04,Product A,5379
2026-08-05,Product A,5458
2026-08-06,Product A,5270
2026-08-07,Product A,4945
2026-08-08,Product A,4135
2026-08-09,Product A,3635
2026-08-10,Product A,5028
2026-08-11,Product A,5505
2026-08-12,Product A,5053
2026-08-13,Product A,5101
2026-08-14,Product A,5023
2026-08-15,Product A,4079
2026-08-16,Product A,3688
2026-08-17,Product A,5127
2023-07-01,Product B,78
2023-07-02,Product B,80
2023-07-03,Product B,119
2023-07-04,Product B,129
2023-07-05,Product B,128
2023-07-06,Product B,135
2023-07-07,Product B,150
2023-07-08,Product B,123
2023-07-09,Product B,126
2023-07-10,Product B,196
2023-07-11,Product B,222
2023-07-12,Product B,230
2023-07-13,Product B,245
2023-07-14,Product B,255
2023-07-15,Product B,190
2023-07-16,Product B,202
2023-07-17,Product B,322
2023-07-18,Product B,336
2023-07-19,Product B,391
2023-07-20,Product B,423
2023-07-21,Product B,442
2023-07-22,Product B,340
2023-07-23,Product B,369
2023-07-24,Product B,528
2023-07-25,Product B,566
2023-07-26,Product B,588
2023-07-27,Product B,615
2023-07-28,Product B,645
2023-07-29,Product B,545
2023-07-30,Product B,540
2023-07-31,Product B,812
2023-08-01,Product B,905
2023-08-02,Product B,983
2023-08-03,Product B,992
2023-08-04,Product B,916
2023-08-05,Product B,703
2023-08-06,Product B,829
2023-08-07,Product B,1109
2023-08-08,Product B,1271
2023-08-09,Product B,1256
2023-08-10,Product B,1227
2023-08-11,Product B,1432
2023-08-12,Product B,1166
2023-08-13,Product B,1062
2023-08-14,Product B,1415
2023-08-15,Product B,1690
2023-08-16,Product B,1818
2023-08-17,Product B,1651
2023-08-18,Product B,1839
2023-08-19,Product B,1452
2023-08-20,Product B,1438
2023-08-21,Product B,2068
2023-08-22,Product B,2067
2023-08-23,Product B,2338
2023-08-24,Product B,2165
2023-08-25,Product B,2205
2023-08-26,Product B,1661
2023-08-27,Product B,1622
2023-08-28,Product B,2309
2023-08-29,Product B,2508
2023-08-30,Product B,2763
2023-08-31,Product B,2325
2023-09-01,Product B,2302
2023-09-02,Product B,2104
2023-09-03,Product B,1832
2023-09-04,Product B,2587
2023-09-05,Product B,2927
2023-09-06,Product B,2696
2023-09-07,Product B,2956
2023-09-08,Product B,2793
2023-09-09,Product B,2050
2023-09-10,Product B,2188
2023-09-11,Product B,2754
2023-09-12,Product B,3048
2023-09-13,Product B,2967
2023-09-14,Product B,3020
2023-09-15,Product B,3036
2023-09-16,Product B,2186
2023-09-17,Product B,1968
2023-09-18,Product B,2998
2023-09-19,Product B,2921
2023-09-20,Product B,3301
2023-09-21,Product B,2921
2023-09-22,Product B,2823
2023-09-23,Product B,2244
2023-09-24,Product B,1938
2023-09-25,Product B,2829
2023-09-26,Product B,3246
2023-09-27,Product B,2933
2023-09-28,Product B,2776
2023-09-29,Product B,2977
2023-09-30,Product B,2372
2023-10-01,Product B,2166
2023-10-02,Product B,3138
2023-10-03,Product B,2959
2023-10-04,Product B,2827
2023-10-05,Product B,3158
2023-10-06,Product B,2859
2023-10-07,Product B,2215
2023-10-08,Product B,2232
2023-10-09,Product B,3074
2023-10-10,Product B,3146
2023-10-11,Product B,3372
2023-10-12,Product B,2842
2023-10-13,Product B,3039
2023-10-14,Product B,2248
2023-10-15,Product B,2120
2023-10-16,Product B,3216
2023-10-17,Product B,3151
2023-10-18,Product B,3122
2023-10-19,Product B,3091
2023-10-20,Product B,2848
2023-10-21,Product B,2145
2023-10-22,Product B,1981
2023-10-23,Product B,2692
2023-10-24,Product B,3387
2023-10-25,Product B,2871
2023-10-26,Product B,2901
2023-10-27,Product B,2861
2023-10-28,Product B,2274
2023-10-29,Product B,2176
2023-10-30,Product B,3116
2023-10-31,Product B,2984
2023-11-01,Product B,3016
2023-11-02,Product B,2979
2023-11-03,Product B,2869
2023-11-04,Product B,2424
2023-11-05,Product B,2146
2023-11-06,Product B,3105
2023-11-07,Product B,3184
2023-11-08,Product B,3230
2023-11-09,Product B,2973
2023-11-10,Product B,2727
2023-11-11,Product B,2297
2023-11-12,Product B,2035
2023-11-13,Product B,2928
2023-11-14,Product B,3187
2023-11-15,Product B,3256
2023-11-16,Product B,2966
2023-11-17,Product B,2978
2023-11-18,Product B,2459
2023-11-19,Product B,2143
2023-11-20,Product B,3422
2023-11-21,Product B,3206
2023-11-22,Product B,2817
2023-11-23,Product B,3098
2023-11-24,Product B,3012
2023-11-25,Product B,2432
2023-11-26,Product B,2207
2023-11-27,Product B,3034
2023-11-28,Product B,2954
2023-11-29,Product B,3086
2023-11-30,Product B,2887
2023-12-01,Product B,2899
2023-12-02,Product B,2377
2023-12-03,Product B,2339
2023-12-04,Product B,3150
2023-12-05,Product B,2992
2023-12-06,Product B,3224
2023-12-07,Product B,3233
2023-12-08,Product B,2930
2023-12-09,Product B,2322
2023-12-10,Product B,2187
2023-12-11,Product B,3006
2023-12-12,Product B,3329
2023-12-13,Product B,3177
2023-12-14,Product B,3157
2023-12-15,Product B,2928
2023-12-16,Product B,2319
2023-12-17,Product B,2297
2023-12-18,Product B,3115
2023-12-19,Product B,3555
2023-12-20,Product B,3180
2023-12-21,Product B,3175
2023-12-22,Product B,3257
2023-12-23,Product B,2237
2023-12-24,Product B,2054
2023-12-25,Product B,2979
2023-12-26,Product B,3535
2023-12-27,Product B,3207
2023-12-28,Product B,3600
2023-12-29,Product B,3074
2023-12-30,Product B,2471
2023-12-31,Product B,2467
2024-01-01,Product B,3610
2024-01-02,Product B,3732
2024-01-03,Product B,3558
2024-01-04,Product B,3414
2024-01-05,Product B,3315
2024-01-06,Product B,2589
2024-01-07,Product B,2268
2024-01-08,Product B,3203
2024-01-09,Product B,3444
2024-01-10,Product B,3388
2024-01-11,Product B,3232
2024-01-12,Product B,3393
2024-01-13,Product B,2659
2024-01-14,Product B,2385
2024-01-15,Product B,3653
2024-01-16,Product B,3308
2024-01-17,Product B,3447
2024-01-18,Product B,3248
2024-01-19,Product B,3028
2024-01-20,Product B,2575
2024-01-21,Product B,2405
2024-01-22,Product B,3728
2024-01-23,Product B,3687
2024-01-24,Product B,3364
2024-01-25,Product B,3750
2024-01-26,Product B,3611
2024-01-27,Product B,2711
2024-01-28,Product B,2437
2024-01-29,Product B,3362
2024-01-30,Product B,3574
2024-01-31,Product B,3809
2024-02-01,Product B,3826
2024-02-02,Product B,3734
2024-02-03,Product B,2618
2024-02-04,Product B,2370
2024-02-05,Product B,3622
2024-02-06,Product B,3380
2024-02-07,Product B,3738
2024-02-08,Product B,3534
2024-02-09,Product B,3447
2024-02-10,Product B,2514
2024-02-11,Product B,2622
2024-02-12,Product B,3563
2024-02-13,Product B,3554
2024-02-14,Product B,3206
2024-02-15,Product B,3618
2024-02-16,Product B,3910
2024-02-17,Product B,3010
2024-02-18,Product B,2541
2024-02-19,Product B,3612
2024-02-20,Product B,3929
2024-02-21,Product B,3617
2024-02-22,Product B,3739
2024-02-23,Product B,3791
2024-02-24,Product B,2998
2024-02-25,Product B,2629
2024-02-26,Product B,3745
2024-02-27,Product B,3729
2024-02-28,Product B,3708
2024-02-29,Product B,3699
2024-03-01,Product B,3776
2024-03-02,Product B,3000
2024-03-03,Product B,2575
2024-03-04,Product B,4128
2024-03-05,Product B,3905
2024-03-06,Product B,3920
2024-03-07,Product B,3654
2024-03-08,Product B,3305
2024-03-09,Product B,3038
2024-03-10,Product B,2820
2024-03-11,Product B,3839
2024-03-12,Product B,4025
2024-03-13,Product B,4079
2024-03-14,Product B,3545
2024-03-15,Product B,3709
2024-03-16,Product B,3063
2024-03-17,Product B,2581
2024-03-18,Product B,3999
2024-03-19,Product B,3785
2024-03-20,Product B,4117
2024-03-21,Product B,3883
2024-03-22,Product B,3542
2024-03-23,Product B,3152
2024-03-24,Product B,2682
2024-03-25,Product B,3822
2024-03-26,Product B,4144
2024-03-27,Product B,4298
2024-03-28,Product B,3729
2024-03-29,Product B,3902
2024-03-30,Product B,3071
2024-03-31,Product B,2907
2024-04-01,Product B,4054
2024-04-02,Product B,4062
2024-04-03,Product B,3929
2024-04-04,Product B,3978
2024-04-05,Product B,3711
2024-04-06,Product B,2588
2024-04-07,Product B,2893
2024-04-08,Product B,4231
2024-04-09,Product B,3675
2024-04-10,Product B,3918
2024-04-11,Product B,4110
2024-04-12,Product B,4352
2024-04-13,Product B,3051
2024-04-14,Product B,2743
2024-04-15,Product B,4033
2024-04-16,Product B,4477
2024-04-17,Product B,4013
2024-04-18,Product B,3845
2024-04-19,Product B,3867
2024-04-20,Product B,2915
2024-04-21,Product B,2875
2024-04-22,Product B,4416
2024-04-23,Product B,4270
2024-04-24,Product B,4107
2024-04-25,Product B,3958
2024-04-26,Product B,3662
2024-04-27,Product B,3203
2024-04-28,Product B,2852
2024-04-29,Product B,4054
2024-04-30,Product B,4880
2024-05-01,Product B,4226
2024-05-02,Product B,3868
2024-05-03,Product B,3890
2024-05-04,Product B,3245
2024-05-05,Product B,2880
2024-05-06,Product B,3796
2024-05-07,Product B,4400
2024-05-08,Product B,4022
2024-05-09,Product B,4392
2024-05-10,Product B,4184
2024-05-11,Product B,2995
2024-05-12,Product B,3041
2024-05-13,Product B,4095
2024-05-14,Product B,4375
2024-05-15,Product B,4250
2024-05-16,Product B,3834
2024-05-17,Product B,3830
2024-05-18,Product B,3210
2024-05-19,Product B,2800
2024-05-20,Product B,3983
2024-05-21,Product B,3979
2024-05-22,Product B,4218
2024-05-23,Product B,4396
2024-05-24,Product B,3727
2024-05-25,Product B,3041
2024-05-26,Product B,3032
2024-05-27,Product B,4026
2024-05-28,Product B,4247
2024-05-29,Product B,3887
2024-05-30,Product B,4043
2024-05-31,Product B,3874
2024-06-01,Product B,3164
2024-06-02,Product B,2978
2024-06-03,Product B,4531
2024-06-04,Product B,4240
2024-06-05,Product B,4138
2024-06-06,Product B,3964
2024-06-07,Product B,3809
2024-06-08,Product B,3040
2024-06-09,Product B,2745
2024-06-10,Product B,4008
2024-06-11,Product B,4351
2024-06-12,Product B,3830
2024-06-13,Product B,4108
2024-06-14,Product B,4090
2024-06-15,Product B,2941
2024-06-16,Product B,2464
2024-06-17,Product B,3812
2024-06-18,Product B,4299
2024-06-19,Product B,3983
2024-06-20,Product B,3650
2024-06-21,Product B,3697
2024-06-22,Product B,3046
2024-06-23,Product B,2797
2024-06-24,Product B,3837
2024-06-25,Product B,3913
2024-06-26,Product B,3859
2024-06-27,Product B,3618
2024-06-28,Product B,4046
2024-06-29,Product B,2838
2024-06-30,Product B,2850
2024-07-01,Product B,4121
2024-07-02,Product B,4128
2024-07-03,Product B,3798
2024-07-04,Product B,3815
2024-07-05,Product B,3685
2024-07-06,Product B,2714
2024-07-07,Product B,2690
2024-07-08,Product B,3551
2024-07-09,Product B,4102
2024-07-10,Product B,3734
2024-07-11,Product B,3719
2024-07-12,Product B,3684
2024-07-13,Product B,2762
2024-07-14,Product B,2682
2024-07-15,Product B,3625
2024-07-16,Product B,3977
2024-07-17,Product B,3508
2024-07-18,Product B,3645
2024-07-19,Product B,3920
2024-07-20,Product B,2614
2024-07-21,Product B,2476
2024-07-22,Product B,3746
2024-07-23,Product B,3781
2024-07-24,Product B,3763
2024-07-25,Product B,3648
2024-07-26,Product B,3624
2024-07-27,Product B,2855
2024-07-28,Product B,2570
2024-07-29,Product B,3546
2024-07-30,Product B,3806
2024-07-31,Product B,3979
2024-08-01,Product B,3476
2024-08-02,Product B,3283
2024-08-03,Product B,2805
2024-08-04,Product B,2459
2024-08-05,Product B,3143
2024-08-06,Product B,3770
2024-08-07,Product B,3474
2024-08-08,Product B,3421
2024-08-09,Product B,3446
2024-08-10,Product B,2635
2024-08-11,Product B,2516
2024-08-12,Product B,3388
2024-08-13,Product B,3644
2024-08-14,Product B,3461
2024-08-15,Product B,3501
2024-08-16,Product B,3433
2024-08-17,Product B,2444
2024-08-18,Product B,2517
2024-08-19,Product B,3311
2024-08-20,Product B,3632
2024-08-21,Product B,3508
2024-08-22,Product B,3622
2024-08-23,Product B,3236
2024-08-24,Product B,2476
2024-08-25,Product B,2344
2024-08-26,Product B,3293
2024-08-27,Product B,3568
2024-08-28,Product B,3113
2024-08-29,Product B,3089
2024-08-30,Product B,3046
2024-08-31,Product B,2596
2024-09-01,Product B,2505
2024-09-02,Product B,3272
2024-09-03,Product B,3346
2024-09-04,Product B,3343
2024-09-05,Product B,3395
2024-09-06,Product B,3019
2024-09-07,Product B,2468
2024-09-08,Product B,2382
2024-09-09,Product B,3319
2024-09-10,Product B,3355
2024-09-11,Product B,3445
2024-09-12,Product B,2734
2024-09-13,Product B,3225
2024-09-14,Product B,2325
2024-09-15,Product B,2034
2024-09-16,Product B,3274
2024-09-17,Product B,3502
2024-09-18,Product B,3214
2024-09-19,Product B,3267
2024-09-20,Product B,3326
2024-09-21,Product B,2528
2024-09-22,Product B,2391
2024-09-23,Product B,3269
2024-09-24,Product B,3249
2024-09-25,Product B,2941
2024-09-26,Product B,3043
2024-09-27,Product B,2914
2024-09-28,Product B,2600
2024-09-29,Product B,2166
2024-09-30,Product B,3137
2024-10-01,Product B,3291
2024-10-02,Product B,3171
2024-10-03,Product B,3309
2024-10-04,Product B,2919
2024-10-05,Product B,2346
2024-10-06,Product B,2085
2024-10-07,Product B,2887
2024-10-08,Product B,3079
2024-10-09,Product B,3133
2024-10-10,Product B,2962
2024-10-11,Product B,2887
2024-10-12,Product B,2145
2024-10-13,Product B,2142
2024-10-14,Product B,2840
2024-10-15,Product B,3276
2024-10-16,Product B,3134
2024-10-17,Product B,2791
2024-10-18,Product B,2929
2024-10-19,Product B,2209
2024-10-20,Product B,2176
2024-10-21,Product B,3264
2024-10-22,Product B,2850
2024-10-23,Product B,3128
2024-10-24,Product B,2978
2024-10-25,Product B,3067
2024-10-26,Product B,2315
2024-10-27,Product B,2057
2024-10-28,Product B,3005
2024-10-29,Product B,3016
2024-10-30,Product B,3275
2024-10-31,Product B,3004
2024-11-01,Product B,3250
2024-11-02,Product B,2284
2024-11-03,Product B,2063
2024-11-04,Product B,2826
2024-11-05,Product B,2862
2024-11-06,Product B,2867
2024-11-07,Product B,3047
2024-11-08,Product B,3050
2024-11-09,Product B,2116
2024-11-10,Product B,2242
2024-11-11,Product B,2994
2024-11-12,Product B,3181
2024-11-13,Product B,3379
2024-11-14,Product B,3156
2024-11-15,Product B,2949
2024-11-16,Product B,2207
2024-11-17,Product B,1926
2024-11-18,Product B,2975
2024-11-19,Product B,3144
2024-11-20,Product B,2992
2024-11-21,Product B,3022
2024-11-22,Product B,3023
2024-11-23,Product B,2302
2024-11-24,Product B,2105
2024-11-25,Product B,3139
2024-11-26,Product B,3276
2024-11-27,Product B,3003
2024-11-28,Product B,3287
2024-11-29,Product B,3026
2024-11-30,Product B,2353
2024-12-01,Product B,2276
2024-12-02,Product B,3182
2024-12-03,Product B,3395
2024-12-04,Product B,3258
2024-12-05,Product B,3011
2024-12-06,Product B,3132
2024-12-07,Product B,2244
2024-12-08,Product B,2237
2024-12-09,Product B,3180
2024-12-10,Product B,3248
2024-12-11,Product B,3233
2024-12-12,Product B,2851
2024-12-13,Product B,3033
2024-12-14,Product B,2424
2024-12-15,Product B,2275
2024-12-16,Product B,3065
2024-12-17,Product B,3541
2024-12-18,Product B,3159
2024-12-19,Product B,3349
2024-12-20,Product B,3234
2024-12-21,Product B,2371
2024-12-22,Product B,2495
2024-12-23,Product B,3086
2024-12-24,Product B,3539
2024-12-25,Product B,3523
2024-12-26,Product B,3138
2024-12-27,Product B,3443
2024-12-28,Product B,2460
2024-12-29,Product B,2364
2024-12-30,Product B,3381
2024-12-31,Product B,3418
2025-01-01,Product B,3543
2025-01-02,Product B,3426
2025-01-03,Product B,2981
2025-01-04,Product B,2693
2025-01-05,Product B,2169
2025-01-06,Product B,3564
2025-01-07,Product B,3691
2025-01-08,Product B,3277
2025-01-09,Product B,3286
2025-01-10,Product B,3142
2025-01-11,Product B,2547
2025-01-12,Product B,2372
2025-01-13,Product B,3586
2025-01-14,Product B,3792
2025-01-15,Product B,3777
2025-01-16,Product B,3321
2025-01-17,Product B,3353
2025-01-18,Product B,2402
2025-01-19,Product B,2356
2025-01-20,Product B,3686
2025-01-21,Product B,3919
2025-01-22,Product B,3375
2025-01-23,Product B,3378
2025-01-24,Product B,3448
2025-01-25,Product B,2710
2025-01-26,Product B,2399
2025-01-27,Product B,3658
2025-01-28,Product B,3606
2025-01-29,Product B,3662
2025-01-30,Product B,3644
2025-01-31,Product B,3518
2025-02-01,Product B,2663
2025-02-02,Product B,2533
2025-02-03,Product B,3632
2025-02-04,Product B,3693
2025-02-05,Product B,3684
2025-02-06,Product B,3901
2025-02-07,Product B,3682
2025-02-08,Product B,2731
2025-02-09,Product B,2684
2025-02-10,Product B,3653
2025-02-11,Product B,4055
2025-02-12,Product B,3869
2025-02-13,Product B,3657
2025-02-14,Product B,3726
2025-02-15,Product B,2599
2025-02-16,Product B,2490
2025-02-17,Product B,3554
2025-02-18,Product B,3924
2025-02-19,Product B,4199
2025-02-20,Product B,4156
2025-02-21,Product B,3825
2025-02-22,Product B,2940
2025-02-23,Product B,2441
2025-02-24,Product B,3737
2025-02-25,Product B,3804
2025-02-26,Product B,3805
2025-02-27,Product B,3767
2025-02-28,Product B,3676
2025-03-01,Product B,2625
2025-03-02,Product B,2826
2025-03-03,Product B,3691
2025-03-04,Product B,4068
2025-03-05,Product B,4399
2025-03-06,Product B,3678
2025-03-07,Product B,3337
2025-03-08,Product B,2913
2025-03-09,Product B,2916
2025-03-10,Product B,4343
2025-03-11,Product B,3826
2025-03-12,Product B,4141
2025-03-13,Product B,3817
2025-03-14,Product B,3851
2025-03-15,Product B,3390
2025-03-16,Product B,2589
2025-03-17,Product B,4057
2025-03-18,Product B,4224
2025-03-19,Product B,4312
2025-03-20,Product B,3974
2025-03-21,Product B,3977
2025-03-22,Product B,2969
2025-03-23,Product B,2869
2025-03-24,Product B,3981
2025-03-25,Product B,4302
2025-03-26,Product B,4057
2025-03-27,Product B,4071
2025-03-28,Product B,3951
2025-03-29,Product B,3231
2025-03-30,Product B,2851
2025-03-31,Product B,3726
2025-04-01,Product B,4476
2025-04-02,Product B,3982
2025-04-03,Product B,3899
2025-04-04,Product B,3872
2025-04-05,Product B,3296
2025-04-06,Product B,2573
2025-04-07,Product B,4767
2025-04-08,Product B,4466
2025-04-09,Product B,4248
2025-04-10,Product B,4048
2025-04-11,Product B,4075
2025-04-12,Product B,3185
2025-04-13,Product B,2993
2025-04-14,Product B,4260
2025-04-15,Product B,4285
2025-04-16,Product B,4182
2025-04-17,Product B,4049
2025-04-18,Product B,3997
2025-04-19,Product B,3295
2025-04-20,Product B,2998
2025-04-21,Product B,3550
2025-04-22,Product B,4423
2025-04-23,Product B,4280
2025-04-24,Product B,4089
2025-04-25,Product B,3970
2025-04-26,Product B,3302
2025-04-27,Product B,3057
2025-04-28,Product B,4010
2025-04-29,Product B,4378
2025-04-30,Product B,4039
2025-05-01,Product B,3816
2025-05-02,Product B,3926
2025-05-03,Product B,3264
2025-05-04,Product B,3060
2025-05-05,Product B,4279
2025-05-06,Product B,4446
2025-05-07,Product B,4354
2025-05-08,Product B,3965
2025-05-09,Product B,4138
2025-05-10,Product B,3251
2025-05-11,Product B,3027
2025-05-12,Product B,4413
2025-05-13,Product B,4434
2025-05-14,Product B,4310
2025-05-15,Product B,4306
2025-05-16,Product B,4034
2025-05-17,Product B,2979
2025-05-18,Product B,2884
2025-05-19,Product B,3996
2025-05-20,Product B,4123
2025-05-21,Product B,4188
2025-05-22,Product B,3908
2025-05-23,Product B,3959
2025-05-24,Product B,2808
2025-05-25,Product B,2924
2025-05-26,Product B,4129
2025-05-27,Product B,4070
2025-05-28,Product B,4332
2025-05-29,Product B,4234
2025-05-30,Product B,3675
2025-05-31,Product B,2964
2025-06-01,Product B,2762
2025-06-02,Product B,3907
2025-06-03,Product B,4387
2025-06-04,Product B,4122
2025-06-05,Product B,3960
2025-06-06,Product B,3567
2025-06-07,Product B,3153
2025-06-08,Product B,2672
2025-06-09,Product B,4076
2025-06-10,Product B,4232
2025-06-11,Product B,4405
2025-06-12,Product B,3715
2025-06-13,Product B,3333
2025-06-14,Product B,3054
2025-06-15,Product B,3073
2025-06-16,Product B,4271
2025-06-17,Product B,4173
2025-06-18,Product B,3979
2025-06-19,Product B,4090
2025-06-20,Product B,3692
2025-06-21,Product B,3062
2025-06-22,Product B,2857
2025-06-23,Product B,4185
2025-06-24,Product B,4643
2025-06-25,Product B,4108
2025-06-26,Product B,3783
2025-06-27,Product B,3827
2025-06-28,Product B,2691
2025-06-29,Product B,2655
2025-06-30,Product B,3841
2025-07-01,Product B,3920
2025-07-02,Product B,4005
2025-07-03,Product B,3671
2025-07-04,Product B,3990
2025-07-05,Product B,2911
2025-07-06,Product B,2710
2025-07-07,Product B,3801
2025-07-08,Product B,3997
2025-07-09,Product B,4077
2025-07-10,Product B,3608
2025-07-11,Product B,3599
2025-07-12,Product B,2823
2025-07-13,Product B,2489
2025-07-14,Product B,3648
2025-07-15,Product B,3811
2025-07-16,Product B,4022
2025-07-17,Product B,3760
2025-07-18,Product B,3697
2025-07-19,Product B,2940
2025-07-20,Product B,2607
2025-07-21,Product B,3815
2025-07-22,Product B,3819
2025-07-23,Product B,3840
2025-07-24,Product B,3543
2025-07-25,Product B,3161
2025-07-26,Product B,2753
2025-07-27,Product B,2764
2025-07-28,Product B,3848
2025-07-29,Product B,3955
2025-07-30,Product B,3954
2025-07-31,Product B,3602
2025-08-01,Product B,3572
2025-08-02,Product B,2640
2025-08-03,Product B,2496
2025-08-04,Product B,3725
2025-08-05,Product B,3930
2025-08-06,Product B,3633
2025-08-07,Product B,3443
2025-08-08,Product B,3475
2025-08-09,Product B,2756
2025-08-10,Product B,2311
2025-08-11,Product B,3142
2025-08-12,Product B,3541
2025-08-13,Product B,3374
2025-08-14,Product B,3372
2025-08-15,Product B,3388
2025-08-16,Product B,2568
2025-08-17,Product B,2624
2025-08-18,Product B,3543
2025-08-19,Product B,3631
2025-08-20,Product B,3640
2025-08-21,Product B,3206
2025-08-22,Product B,3527
2025-08-23,Product B,2572
2025-08-24,Product B,2485
2025-08-25,Product B,3242
2025-08-26,Product B,3242
2025-08-27,Product B,3611
2025-08-28,Product B,3404
2025-08-29,Product B,3147
2025-08-30,Product B,2428
2025-08-31,Product B,2497
2025-09-01,Product B,3168
2025-09-02,Product B,3741
2025-09-03,Product B,3259
2025-09-04,Product B,3391
2025-09-05,Product B,3189
2025-09-06,Product B,2573
2025-09-07,Product B,2263
2025-09-08,Product B,3289
2025-09-09,Product B,3410
2025-09-10,Product B,3191
2025-09-11,Product B,3356
2025-09-12,Product B,3112
2025-09-13,Product B,2432
2025-09-14,Product B,2178
2025-09-15,Product B,2849
2025-09-16,Product B,3322
2025-09-17,Product B,3712
2025-09-18,Product B,3316
2025-09-19,Product B,3147
2025-09-20,Product B,2395
2025-09-21,Product B,2264
2025-09-22,Product B,3313
2025-09-23,Product B,3115
2025-09-24,Product B,3453
2025-09-25,Product B,3264
2025-09-26,Product B,3223
2025-09-27,Product B,2451
2025-09-28,Product B,2237
2025-09-29,Product B,3296
2025-09-30,Product B,3371
2025-10-01,Product B,3178
2025-10-02,Product B,3029
2025-10-03,Product B,3096
2025-10-04,Product B,2559
2025-10-05,Product B,2076
2025-10-06,Product B,2927
2025-10-07,Product B,3272
2025-10-08,Product B,3215
2025-10-09,Product B,3119
2025-10-10,Product B,3092
2025-10-11,Product B,2330
2025-10-12,Product B,2361
2025-10-13,Product B,2885
2025-10-14,Product B,3089
2025-10-15,Product B,3170
2025-10-16,Product B,2821
2025-10-17,Product B,3011
2025-10-18,Product B,2538
2025-10-19,Product B,2188
2025-10-20,Product B,3157
2025-10-21,Product B,3006
2025-10-22,Product B,3075
2025-10-23,Product B,3005
2025-10-24,Product B,2979
2025-10-25,Product B,2486
2025-10-26,Product B,2241
2025-10-27,Product B,2941
2025-10-28,Product B,3242
2025-10-29,Product B,3247
2025-10-30,Product B,3233
2025-10-31,Product B,3264
2025-11-01,Product B,2217
2025-11-02,Product B,2091
2025-11-03,Product B,2919
2025-11-04,Product B,3167
2025-11-05,Product B,3246
2025-11-06,Product B,3214
2025-11-07,Product B,3018
2025-11-08,Product B,2303
2025-11-09,Product B,2202
2025-11-10,Product B,2993
2025-11-11,Product B,3551
2025-11-12,Product B,2927
2025-11-13,Product B,3103
2025-11-14,Product B,3351
2025-11-15,Product B,2352
2025-11-16,Product B,2175
2025-11-17,Product B,3084
2025-11-18,Product B,3204
2025-11-19,Product B,3422
2025-11-20,Product B,2752
2025-11-21,Product B,3298
2025-11-22,Product B,2199
2025-11-23,Product B,2183
2025-11-24,Product B,3097
2025-11-25,Product B,3355
2025-11-26,Product B,2971
2025-11-27,Product B,3194
2025-11-28,Product B,3404
2025-11-29,Product B,2227
2025-11-30,Product B,2255
2025-12-01,Product B,3091
2025-12-02,Product B,3363
2025-12-03,Product B,3266
2025-12-04,Product B,3054
2025-12-05,Product B,3202
2025-12-06,Product B,2635
2025-12-07,Product B,2239
2025-12-08,Product B,3351
2025-12-09,Product B,3118
2025-12-10,Product B,3146
2025-12-11,Product B,3271
2025-12-12,Product B,3402
2025-12-13,Product B,2493
2025-12-14,Product B,2255
2025-12-15,Product B,3280
2025-12-16,Product B,3169
2025-12-17,Product B,3453
2025-12-18,Product B,3386
2025-12-19,Product B,3141
2025-12-20,Product B,2428
2025-12-21,Product B,2357
2025-12-22,Product B,3258
2025-12-23,Product B,3422
2025-12-24,Product B,3762
2025-12-25,Product B,3254
2025-12-26,Product B,3207
2025-12-27,Product B,2445
2025-12-28,Product B,2452
2025-12-29,Product B,3355
2025-12-30,Product B,3378
2025-12-31,Product B,3691
2026-01-01,Product B,3589
2026-01-02,Product B,3222
2026-01-03,Product B,2331
2026-01-04,Product B,2527
2026-01-05,Product B,3328
2026-01-06,Product B,3694
2026-01-07,Product B,3177
2026-01-08,Product B,3563
2026-01-09,Product B,3177
2026-01-10,Product B,2713
2026-01-11,Product B,2451
2026-01-12,Product B,3341
2026-01-13,Product B,3545
2026-01-14,Product B,3713
2026-01-15,Product B,3493
2026-01-16,Product B,3546
2026-01-17,Product B,2930
2026-01-18,Product B,2300
2026-01-19,Product B,3864
2026-01-20,Product B,3706
2026-01-21,Product B,3493
2026-01-22,Product B,3304
2026-01-23,Product B,3477
2026-01-24,Product B,2842
2026-01-25,Product B,2526
2026-01-26,Product B,3917
2026-01-27,Product B,3483
2026-01-28,Product B,3723
2026-01-29,Product B,3380
2026-01-30,Product B,3641
2026-01-31,Product B,2890
2026-02-01,Product B,2535
2026-02-02,Product B,3227
2026-02-03,Product B,3863
2026-02-04,Product B,3878
2026-02-05,Product B,3747
2026-02-06,Product B,3866
2026-02-07,Product B,2667
2026-02-08,Product B,2727
2026-02-09,Product B,4002
2026-02-10,Product B,3548
2026-02-11,Product B,3925
2026-02-12,Product B,3644
2026-02-13,Product B,3691
2026-02-14,Product B,2918
2026-02-15,Product B,2618
2026-02-16,Product B,3713
2026-02-17,Product B,3969
2026-02-18,Product B,3716
2026-02-19,Product B,3596
2026-02-20,Product B,3897
2026-02-21,Product B,2749
2026-02-22,Product B,2819
2026-02-23,Product B,3997
2026-02-24,Product B,3680
2026-02-25,Product B,3859
2026-02-26,Product B,4095
2026-02-27,Product B,3642
2026-02-28,Product B,2894
2026-03-01,Product B,2835
2026-03-02,Product B,4123
2026-03-03,Product B,4038
2026-03-04,Product B,3934
2026-03-05,Product B,4201
2026-03-06,Product B,4225
2026-03-07,Product B,3154
2026-03-08,Product B,2824
2026-03-09,Product B,3862
2026-03-10,Product B,3975
2026-03-11,Product B,4218
2026-03-12,Product B,4059
2026-03-13,Product B,4215
2026-03-14,Product B,3145
2026-03-15,Product B,2634
2026-03-16,Product B,4291
2026-03-17,Product B,3990
2026-03-18,Product B,4082
2026-03-19,Product B,4075
2026-03-20,Product B,4384
2026-03-21,Product B,3562
2026-03-22,Product B,2969
2026-03-23,Product B,4085
2026-03-24,Product B,4360
2026-03-25,Product B,4394
2026-03-26,Product B,4002
2026-03-27,Product B,4389
2026-03-28,Product B,3150
2026-03-29,Product B,2982
2026-03-30,Product B,4301
2026-03-31,Product B,4377
2026-04-01,Product B,4424
2026-04-02,Product B,3977
2026-04-03,Product B,3950
2026-04-04,Product B,2967
2026-04-05,Product B,2998
2026-04-06,Product B,4359
2026-04-07,Product B,4419
2026-04-08,Product B,4636
2026-04-09,Product B,4132
2026-04-10,Product B,4228
2026-04-11,Product B,2989
2026-04-12,Product B,2896
2026-04-13,Product B,4369
2026-04-14,Product B,4530
2026-04-15,Product B,4239
2026-04-16,Product B,4141
2026-04-17,Product B,3800
2026-04-18,Product B,3120
2026-04-19,Product B,3098
2026-04-20,Product B,4362
2026-04-21,Product B,4472
2026-04-22,Product B,4329
2026-04-23,Product B,4172
2026-04-24,Product B,3989
2026-04-25,Product B,3297
2026-04-26,Product B,3037
2026-04-27,Product B,4355
2026-04-28,Product B,4258
2026-04-29,Product B,3861
2026-04-30,Product B,4407
2026-05-01,Product B,4032
2026-05-02,Product B,3052
2026-05-03,Product B,3080
2026-05-04,Product B,4169
2026-05-05,Product B,4606
2026-05-06,Product B,4461
2026-05-07,Product B,4319
2026-05-08,Product B,3847
2026-05-09,Product B,3380
2026-05-10,Product B,3013
2026-05-11,Product B,4169
2026-05-12,Product B,4398
2026-05-13,Product B,3935
2026-05-14,Product B,4253
2026-05-15,Product B,3907
2026-05-16,Product B,2964
2026-05-17,Product B,2739
2026-05-18,Product B,4469
2026-05-19,Product B,4215
2026-05-20,Product B,4633
2026-05-21,Product B,4040
2026-05-22,Product B,3752
2026-05-23,Product B,2988
2026-05-24,Product B,3133
2026-05-25,Product B,4179
2026-05-26,Product B,4210
2026-05-27,Product B,4313
2026-05-28,Product B,4230
2026-05-29,Product B,4305
2026-05-30,Product B,3372
2026-05-31,Product B,2879
2026-06-01,Product B,3906
2026-06-02,Product B,4209
2026-06-03,Product B,4303
2026-06-04,Product B,3898
2026-06-05,Product B,3852
2026-06-06,Product B,3173
2026-06-07,Product B,2900
2026-06-08,Product B,4155
2026-06-09,Product B,4099
2026-06-10,Product B,4161
2026-06-11,Product B,3870
2026-06-12,Product B,4185
2026-06-13,Product B,3249
2026-06-14,Product B,2613
2026-06-15,Product B,3915
2026-06-16,Product B,3901
2026-06-17,Product B,4029
2026-06-18,Product B,3997
2026-06-19,Product B,3675
2026-06-20,Product B,2913
2026-06-21,Product B,2702
2026-06-22,Product B,4100
2026-06-23,Product B,4180
2026-06-24,Product B,3966
2026-06-25,Product B,3999
2026-06-26,Product B,3806
2026-06-27,Product B,2974
2026-06-28,Product B,3044
2026-06-29,Product B,4273
2026-06-30,Product B,3844
2026-07-01,Product B,4227
2026-07-02,Product B,4069
2026-07-03,Product B,3637
2026-07-04,Product B,3095
2026-07-05,Product B,2982
2026-07-06,Product B,3726
2026-07-07,Product B,3865
2026-07-08,Product B,4203
2026-07-09,Product B,3905
2026-07-10,Product B,3906
2026-07-11,Product B,2978
2026-07-12,Product B,2780
2026-07-13,Product B,3629
2026-07-14,Product B,4197
2026-07-15,Product B,4167
2026-07-16,Product B,3748
2026-07-17,Product B,3732
2026-07-18,Product B,2660
2026-07-19,Product B,2751
2026-07-20,Product B,3932
2026-07-21,Product B,3910
2026-07-22,Product B,4089
2026-07-23,Product B,3666
2026-07-24,Product B,3782
2026-07-25,Product B,2688
2026-07-26,Product B,2634
2026-07-27,Product B,3725
2026-07-28,Product B,3899
2026-07-29,Product B,3735
2026-07-30,Product B,3640
2026-07-31,Product B,3763
2026-08-01,Product B,2722
2026-08-02,Product B,2383
2026-08-03,Product B,4015
2026-08-04,Product B,4049
2026-08-05,Product B,3496
2026-08-06,Product B,3723
2026-08-07,Product B,3461
2026-08-08,Product B,2770
2026-08-09,Product B,2582
2026-08-10,Product B,3584
2026-08-11,Product B,3575
2026-08-12,Product B,3545
2026-08-13,Product B,3373
2026-08-14,Product B,3342
2026-08-15,Product B,2676
2026-08-16,Product B,2410
2026-08-17,Product B,3684
2024-03-10,Product C,131
2024-03-11,Product C,183
2024-03-12,Product C,213
2024-03-13,Product C,231
2024-03-14,Product C,241
2024-03-15,Product C,253
2024-03-16,Product C,218
2024-03-17,Product C,217
2024-03-18,Product C,308
2024-03-19,Product C,380
2024-03-20,Product C,407
2024-03-21,Product C,391
2024-03-22,Product C,434
2024-03-23,Product C,373
2024-03-24,Product C,360
2024-03-25,Product C,590
2024-03-26,Product C,694
2024-03-27,Product C,635
2024-03-28,Product C,639
2024-03-29,Product C,741
2024-03-30,Product C,628
2024-03-31,Product C,600
2024-04-01,Product C,999
2024-04-02,Product C,958
2024-04-03,Product C,1126
2024-04-04,Product C,1091
2024-04-05,Product C,1292
2024-04-06,Product C,1079
2024-04-07,Product C,940
2024-04-08,Product C,1448
2024-04-09,Product C,1701
2024-04-10,Product C,1683
2024-04-11,Product C,1756
2024-04-12,Product C,1849
2024-04-13,Product C,1366
2024-04-14,Product C,1491
2024-04-15,Product C,2175
2024-04-16,Product C,2385
2024-04-17,Product C,2733
2024-04-18,Product C,2426
2024-04-19,Product C,2798
2024-04-20,Product C,2147
2024-04-21,Product C,2098
2024-04-22,Product C,3303
2024-04-23,Product C,3469
2024-04-24,Product C,3617
2024-04-25,Product C,3702
2024-04-26,Product C,3567
2024-04-27,Product C,2814
2024-04-28,Product C,2653
2024-04-29,Product C,3971
2024-04-30,Product C,5044
2024-05-01,Product C,4760
2024-05-02,Product C,4150
2024-05-03,Product C,4222
2024-05-04,Product C,3666
2024-05-05,Product C,3516
2024-05-06,Product C,5139
2024-05-07,Product C,5188
2024-05-08,Product C,5271
2024-05-09,Product C,5304
2024-05-10,Product C,5275
2024-05-11,Product C,3665
2024-05-12,Product C,3862
2024-05-13,Product C,5422
2024-05-14,Product C,5955
2024-05-15,Product C,6798
2024-05-16,Product C,5883
2024-05-17,Product C,5684
2024-05-18,Product C,4710
2024-05-19,Product C,4344
2024-05-20,Product C,6239
2024-05-21,Product C,6527
2024-05-22,Product C,6963
2024-05-23,Product C,5788
2024-05-24,Product C,6249
2024-05-25,Product C,4519
2024-05-26,Product C,4569
2024-05-27,Product C,6086
2024-05-28,Product C,6451
2024-05-29,Product C,6447
2024-05-30,Product C,6647
2024-05-31,Product C,6575
2024-06-01,Product C,4563
2024-06-02,Product C,4565
2024-06-03,Product C,6286
2024-06-04,Product C,6293
2024-06-05,Product C,6582
2024-06-06,Product C,6333
2024-06-07,Product C,7140
2024-06-08,Product C,5027
2024-06-09,Product C,4279
2024-06-10,Product C,6382
2024-06-11,Product C,7102
2024-06-12,Product C,7385
2024-06-13,Product C,5943
2024-06-14,Product C,5782
2024-06-15,Product C,5386
2024-06-16,Product C,4684
2024-06-17,Product C,6276
2024-06-18,Product C,6924
2024-06-19,Product C,5788
2024-06-20,Product C,6431
2024-06-21,Product C,6457
2024-06-22,Product C,5126
2024-06-23,Product C,4336
2024-06-24,Product C,6545
2024-06-25,Product C,6384
2024-06-26,Product C,6699
2024-06-27,Product C,6090
2024-06-28,Product C,6167
2024-06-29,Product C,4611
2024-06-30,Product C,4669
2024-07-01,Product C,6726
2024-07-02,Product C,6544
2024-07-03,Product C,6552
2024-07-04,Product C,5845
2024-07-05,Product C,6127
2024-07-06,Product C,4781
2024-07-07,Product C,5050
2024-07-08,Product C,6011
2024-07-09,Product C,7012
2024-07-10,Product C,6773
2024-07-11,Product C,6302
2024-07-12,Product C,6672
2024-07-13,Product C,4812
2024-07-14,Product C,4485
2024-07-15,Product C,6255
2024-07-16,Product C,6830
2024-07-17,Product C,6702
2024-07-18,Product C,5928
2024-07-19,Product C,5639
2024-07-20,Product C,4603
2024-07-21,Product C,4156
2024-07-22,Product C,6151
2024-07-23,Product C,6723
2024-07-24,Product C,6107
2024-07-25,Product C,6005
2024-07-26,Product C,5954
2024-07-27,Product C,4766
2024-07-28,Product C,3779
2024-07-29,Product C,5882
2024-07-30,Product C,6290
2024-07-31,Product C,6511
2024-08-01,Product C,5770
2024-08-02,Product C,5287
2024-08-03,Product C,4632
2024-08-04,Product C,4050
2024-08-05,Product C,5606
2024-08-06,Product C,5924
2024-08-07,Product C,5980
2024-08-08,Product C,5636
2024-08-09,Product C,5100
2024-08-10,Product C,4612
2024-08-11,Product C,4371
2024-08-12,Product C,6047
2024-08-13,Product C,5666
2024-08-14,Product C,5869
2024-08-15,Product C,5707
2024-08-16,Product C,5800
2024-08-17,Product C,4481
2024-08-18,Product C,3889
2024-08-19,Product C,5777
2024-08-20,Product C,6038
2024-08-21,Product C,6250
2024-08-22,Product C,5807
2024-08-23,Product C,5752
2024-08-24,Product C,4279
2024-08-25,Product C,4248
2024-08-26,Product C,5771
2024-08-27,Product C,5552
2024-08-28,Product C,6129
2024-08-29,Product C,5708
2024-08-30,Product C,5320
2024-08-31,Product C,4090
2024-09-01,Product C,3960
2024-09-02,Product C,5691
2024-09-03,Product C,5764
2024-09-04,Product C,5722
2024-09-05,Product C,5888
2024-09-06,Product C,5641
2024-09-07,Product C,4164
2024-09-08,Product C,4022
2024-09-09,Product C,5193
2024-09-10,Product C,5732
2024-09-11,Product C,6051
2024-09-12,Product C,5287
2024-09-13,Product C,5052
2024-09-14,Product C,3932
2024-09-15,Product C,3580
2024-09-16,Product C,5187
2024-09-17,Product C,5439
2024-09-18,Product C,5088
2024-09-19,Product C,5278
2024-09-20,Product C,5440
2024-09-21,Product C,3829
2024-09-22,Product C,4022
2024-09-23,Product C,5467
2024-09-24,Product C,5756
2024-09-25,Product C,5229
2024-09-26,Product C,5434
2024-09-27,Product C,4864
2024-09-28,Product C,4143
2024-09-29,Product C,3728
2024-09-30,Product C,5419
2024-10-01,Product C,5098
2024-10-02,Product C,5112
2024-10-03,Product C,5314
2024-10-04,Product C,4854
2024-10-05,Product C,4020
2024-10-06,Product C,3413
2024-10-07,Product C,5449
2024-10-08,Product C,5040
2024-10-09,Product C,5455
2024-10-10,Product C,5280
2024-10-11,Product C,4882
2024-10-12,Product C,4015
2024-10-13,Product C,3686
2024-10-14,Product C,5054
2024-10-15,Product C,5069
2024-10-16,Product C,4760
2024-10-17,Product C,5181
2024-10-18,Product C,4639
2024-10-19,Product C,3901
2024-10-20,Product C,3575
2024-10-21,Product C,5348
2024-10-22,Product C,5238
2024-10-23,Product C,5174
2024-10-24,Product C,5262
2024-10-25,Product C,5103
2024-10-26,Product C,3935
2024-10-27,Product C,3700
2024-10-28,Product C,4768
2024-10-29,Product C,5513
2024-10-30,Product C,5417
2024-10-31,Product C,4816
2024-11-01,Product C,4957
2024-11-02,Product C,3868
2024-11-03,Product C,3593
2024-11-04,Product C,5256
2024-11-05,Product C,5700
2024-11-06,Product C,5550
2024-11-07,Product C,4751
2024-11-08,Product C,5188
2024-11-09,Product C,4145
2024-11-10,Product C,3700
2024-11-11,Product C,5472
2024-11-12,Product C,5878
2024-11-13,Product C,5558
2024-11-14,Product C,5172
2024-11-15,Product C,5321
2024-11-16,Product C,3935
2024-11-17,Product C,3654
2024-11-18,Product C,5128
2024-11-19,Product C,5795
2024-11-20,Product C,5106
2024-11-21,Product C,5539
2024-11-22,Product C,5221
2024-11-23,Product C,3662
2024-11-24,Product C,3747
2024-11-25,Product C,4711
2024-11-26,Product C,5591
2024-11-27,Product C,5609
2024-11-28,Product C,5039
2024-11-29,Product C,5175
2024-11-30,Product C,4365
2024-12-01,Product C,3624
2024-12-02,Product C,5038
2024-12-03,Product C,5887
2024-12-04,Product C,5965
2024-12-05,Product C,5254
2024-12-06,Product C,5467
2024-12-07,Product C,4295
2024-12-08,Product C,3624
2024-12-09,Product C,5256
2024-12-10,Product C,5893
2024-12-11,Product C,5967
2024-12-12,Product C,5473
2024-12-13,Product C,5043
2024-12-14,Product C,4486
2024-12-15,Product C,3715
2024-12-16,Product C,5372
2024-12-17,Product C,5728
2024-12-18,Product C,6019
2024-12-19,Product C,5634
2024-12-20,Product C,5466
2024-12-21,Product C,4240
2024-12-22,Product C,3885
2024-12-23,Product C,5705
2024-12-24,Product C,4998
2024-12-25,Product C,5591
2024-12-26,Product C,5558
2024-12-27,Product C,5130
2024-12-28,Product C,4294
2024-12-29,Product C,3901
2024-12-30,Product C,6140
2024-12-31,Product C,6278
2025-01-01,Product C,5625
2025-01-02,Product C,5531
2025-01-03,Product C,5505
2025-01-04,Product C,4180
2025-01-05,Product C,4041
2025-01-06,Product C,5514
2025-01-07,Product C,5576
2025-01-08,Product C,6045
2025-01-09,Product C,5853
2025-01-10,Product C,5400
2025-01-11,Product C,4550
2025-01-12,Product C,3946
2025-01-13,Product C,5911
2025-01-14,Product C,6266
2025-01-15,Product C,5961
2025-01-16,Product C,5911
2025-01-17,Product C,5583
2025-01-18,Product C,4393
2025-01-19,Product C,4109
2025-01-20,Product C,5725
2025-01-21,Product C,6078
2025-01-22,Product C,5613
2025-01-23,Product C,5744
2025-01-24,Product C,5756
2025-01-25,Product C,4462
2025-01-26,Product C,4178
2025-01-27,Product C,6040
2025-01-28,Product C,6398
2025-01-29,Product C,6469
2025-01-30,Product C,5804
2025-01-31,Product C,5590
2025-02-01,Product C,4364
2025-02-02,Product C,4203
2025-02-03,Product C,6062
2025-02-04,Product C,6119
2025-02-05,Product C,5903
2025-02-06,Product C,5970
2025-02-07,Product C,6112
2025-02-08,Product C,4828
2025-02-09,Product C,4264
2025-02-10,Product C,6153
2025-02-11,Product C,6178
2025-02-12,Product C,6416
2025-02-13,Product C,5955
2025-02-14,Product C,6341
2025-02-15,Product C,4345
2025-02-16,Product C,4383
2025-02-17,Product C,6488
2025-02-18,Product C,6651
2025-02-19,Product C,7416
2025-02-20,Product C,6435
2025-02-21,Product C,5954
2025-02-22,Product C,4828
2025-02-23,Product C,4135
2025-02-24,Product C,6471
2025-02-25,Product C,6419
2025-02-26,Product C,6946
2025-02-27,Product C,6249
2025-02-28,Product C,6331
2025-03-01,Product C,4770
2025-03-02,Product C,5009
2025-03-03,Product C,6492
2025-03-04,Product C,7423
2025-03-05,Product C,7016
2025-03-06,Product C,6678
2025-03-07,Product C,6581
2025-03-08,Product C,5097
2025-03-09,Product C,4224
2025-03-10,Product C,6597
2025-03-11,Product C,7186
2025-03-12,Product C,6817
2025-03-13,Product C,6145
2025-03-14,Product C,6531
2025-03-15,Product C,5495
2025-03-16,Product C,5030
2025-03-17,Product C,6754
2025-03-18,Product C,7312
2025-03-19,Product C,6791
2025-03-20,Product C,6119
2025-03-21,Product C,6319
2025-03-22,Product C,5523
2025-03-23,Product C,4723
2025-03-24,Product C,6767
2025-03-25,Product C,6951
2025-03-26,Product C,7657
2025-03-27,Product C,7308
2025-03-28,Product C,7435
2025-03-29,Product C,5132
2025-03-30,Product C,4906
2025-03-31,Product C,6391
2025-04-01,Product C,7648
2025-04-02,Product C,6642
2025-04-03,Product C,6892
2025-04-04,Product C,6379
2025-04-05,Product C,5063
2025-04-06,Product C,4669
2025-04-07,Product C,6757
2025-04-08,Product C,6981
2025-04-09,Product C,6911
2025-04-10,Product C,7151
2025-04-11,Product C,6419
2025-04-12,Product C,5308
2025-04-13,Product C,5202
2025-04-14,Product C,6831
2025-04-15,Product C,6957
2025-04-16,Product C,7061
2025-04-17,Product C,7308
2025-04-18,Product C,6894
2025-04-19,Product C,5134
2025-04-20,Product C,5044
2025-04-21,Product C,6651
2025-04-22,Product C,7490
2025-04-23,Product C,7316
2025-04-24,Product C,6817
2025-04-25,Product C,6561
2025-04-26,Product C,5054
2025-04-27,Product C,5069
2025-04-28,Product C,7488
2025-04-29,Product C,7026
2025-04-30,Product C,7346
2025-05-01,Product C,6209
2025-05-02,Product C,6656
2025-05-03,Product C,5285
2025-05-04,Product C,4715
2025-05-05,Product C,6726
2025-05-06,Product C,7015
2025-05-07,Product C,7284
2025-05-08,Product C,6864
2025-05-09,Product C,6084
2025-05-10,Product C,4727
2025-05-11,Product C,4784
2025-05-12,Product C,7207
2025-05-13,Product C,6249
2025-05-14,Product C,6985
2025-05-15,Product C,6731
2025-05-16,Product C,7307
2025-05-17,Product C,5171
2025-05-18,Product C,5012
2025-05-19,Product C,7071
2025-05-20,Product C,6448
2025-05-21,Product C,7410
2025-05-22,Product C,6958
2025-05-23,Product C,6975
2025-05-24,Product C,6277
2025-05-25,Product C,4383
2025-05-26,Product C,7587
2025-05-27,Product C,7074
2025-05-28,Product C,7196
2025-05-29,Product C,6826
2025-05-30,Product C,6616
2025-05-31,Product C,5064
2025-06-01,Product C,4940
2025-06-02,Product C,6409
2025-06-03,Product C,7392
2025-06-04,Product C,6894
2025-06-05,Product C,6405
2025-06-06,Product C,6554
2025-06-07,Product C,5494
2025-06-08,Product C,4689
2025-06-09,Product C,6997
2025-06-10,Product C,6802
2025-06-11,Product C,7240
2025-06-12,Product C,6955
2025-06-13,Product C,7253
2025-06-14,Product C,5073
2025-06-15,Product C,4929
2025-06-16,Product C,6836
2025-06-17,Product C,7438
2025-06-18,Product C,6652
2025-06-19,Product C,6898
2025-06-20,Product C,6501
2025-06-21,Product C,5043
2025-06-22,Product C,4735
2025-06-23,Product C,6807
2025-06-24,Product C,6861
2025-06-25,Product C,6889
2025-06-26,Product C,7085
2025-06-27,Product C,6801
2025-06-28,Product C,5211
2025-06-29,Product C,4546
2025-06-30,Product C,6338
2025-07-01,Product C,7134
2025-07-02,Product C,7017
2025-07-03,Product C,6953
2025-07-04,Product C,6198
2025-07-05,Product C,4867
2025-07-06,Product C,4210
2025-07-07,Product C,6409
2025-07-08,Product C,7043
2025-07-09,Product C,6469
2025-07-10,Product C,6584
2025-07-11,Product C,6234
2025-07-12,Product C,4927
2025-07-13,Product C,4256
2025-07-14,Product C,6463
2025-07-15,Product C,5616
2025-07-16,Product C,6457
2025-07-17,Product C,5766
2025-07-18,Product C,6567
2025-07-19,Product C,4955
2025-07-20,Product C,4545
2025-07-21,Product C,6811
2025-07-22,Product C,6186
2025-07-23,Product C,6970
2025-07-24,Product C,6460
2025-07-25,Product C,6017
2025-07-26,Product C,4955
2025-07-27,Product C,4124
2025-07-28,Product C,5965
2025-07-29,Product C,6188
2025-07-30,Product C,6133
2025-07-31,Product C,5745
2025-08-01,Product C,6349
2025-08-02,Product C,4548
2025-08-03,Product C,4365
2025-08-04,Product C,5938
2025-08-05,Product C,5700
2025-08-06,Product C,6272
2025-08-07,Product C,5389
2025-08-08,Product C,5857
2025-08-09,Product C,4216
2025-08-10,Product C,4632
2025-08-11,Product C,6277
2025-08-12,Product C,6192
2025-08-13,Product C,6463
2025-08-14,Product C,5605
2025-08-15,Product C,5930
2025-08-16,Product C,4490
2025-08-17,Product C,4193
2025-08-18,Product C,6273
2025-08-19,Product C,6272
2025-08-20,Product C,6058
2025-08-21,Product C,5274
2025-08-22,Product C,5400
2025-08-23,Product C,4341
2025-08-24,Product C,4086
2025-08-25,Product C,5468
2025-08-26,Product C,6663
2025-08-27,Product C,6314
2025-08-28,Product C,5822
2025-08-29,Product C,5596
2025-08-30,Product C,4249
2025-08-31,Product C,3808
2025-09-01,Product C,5721
2025-09-02,Product C,5923
2025-09-03,Product C,5414
2025-09-04,Product C,5653
2025-09-05,Product C,5443
2025-09-06,Product C,3822
2025-09-07,Product C,3765
2025-09-08,Product C,5493
2025-09-09,Product C,6300
2025-09-10,Product C,5841
2025-09-11,Product C,5109
2025-09-12,Product C,5534
2025-09-13,Product C,3840
2025-09-14,Product C,4087
2025-09-15,Product C,5397
2025-09-16,Product C,5647
2025-09-17,Product C,5974
2025-09-18,Product C,5051
2025-09-19,Product C,4956
2025-09-20,Product C,3986
2025-09-21,Product C,4024
2025-09-22,Product C,5041
2025-09-23,Product C,4808
2025-09-24,Product C,5407
2025-09-25,Product C,5479
2025-09-26,Product C,5580
2025-09-27,Product C,3963
2025-09-28,Product C,3703
2025-09-29,Product C,5705
2025-09-30,Product C,5021
2025-10-01,Product C,5366
2025-10-02,Product C,5326
2025-10-03,Product C,5327
2025-10-04,Product C,3915
2025-10-05,Product C,3751
2025-10-06,Product C,4678
2025-10-07,Product C,5309
2025-10-08,Product C,5548
2025-10-09,Product C,4974
2025-10-10,Product C,5183
2025-10-11,Product C,4075
2025-10-12,Product C,3653
2025-10-13,Product C,5350
2025-10-14,Product C,5190
2025-10-15,Product C,5334
2025-10-16,Product C,5358
2025-10-17,Product C,5179
2025-10-18,Product C,3848
2025-10-19,Product C,3739
2025-10-20,Product C,5469
2025-10-21,Product C,4872
2025-10-22,Product C,5679
2025-10-23,Product C,5093
2025-10-24,Product C,5230
2025-10-25,Product C,4189
2025-10-26,Product C,3435
2025-10-27,Product C,5081
2025-10-28,Product C,5340
2025-10-29,Product C,5150
2025-10-30,Product C,5623
2025-10-31,Product C,4898
2025-11-01,Product C,3841
2025-11-02,Product C,3725
2025-11-03,Product C,4953
2025-11-04,Product C,5314
2025-11-05,Product C,5451
2025-11-06,Product C,5095
2025-11-07,Product C,5102
2025-11-08,Product C,3854
2025-11-09,Product C,3417
2025-11-10,Product C,5369
2025-11-11,Product C,5916
2025-11-12,Product C,5389
2025-11-13,Product C,5260
2025-11-14,Product C,5326
2025-11-15,Product C,3725
2025-11-16,Product C,4032
2025-11-17,Product C,5366
2025-11-18,Product C,5916
2025-11-19,Product C,5218
2025-11-20,Product C,5711
2025-11-21,Product C,5383
2025-11-22,Product C,4116
2025-11-23,Product C,3787
2025-11-24,Product C,5287
2025-11-25,Product C,5845
2025-11-26,Product C,5501
2025-11-27,Product C,4761
2025-11-28,Product C,4937
2025-11-29,Product C,4005
2025-11-30,Product C,3838
2025-12-01,Product C,5392
2025-12-02,Product C,5910
2025-12-03,Product C,4982
2025-12-04,Product C,5376
2025-12-05,Product C,4807
2025-12-06,Product C,4245
2025-12-07,Product C,3806
2025-12-08,Product C,5587
2025-12-09,Product C,5396
2025-12-10,Product C,5948
2025-12-11,Product C,5688
2025-12-12,Product C,5514
2025-12-13,Product C,4117
2025-12-14,Product C,3988
2025-12-15,Product C,5352
2025-12-16,Product C,5963
2025-12-17,Product C,6138
2025-12-18,Product C,5779
2025-12-19,Product C,5238
2025-12-20,Product C,4282
2025-12-21,Product C,3680
2025-12-22,Product C,5795
2025-12-23,Product C,5939
2025-12-24,Product C,5221
2025-12-25,Product C,5250
2025-12-26,Product C,5446
2025-12-27,Product C,4211
2025-12-28,Product C,3758
2025-12-29,Product C,5839
2025-12-30,Product C,5980
2025-12-31,Product C,5801
2026-01-01,Product C,5455
2026-01-02,Product C,5915
2026-01-03,Product C,4710
2026-01-04,Product C,3972
2026-01-05,Product C,5651
2026-01-06,Product C,6159
2026-01-07,Product C,5856
2026-01-08,Product C,5731
2026-01-09,Product C,5933
2026-01-10,Product C,4006
2026-01-11,Product C,4418
2026-01-12,Product C,5958
2026-01-13,Product C,5996
2026-01-14,Product C,6046
2026-01-15,Product C,5867
2026-01-16,Product C,5324
2026-01-17,Product C,4849
2026-01-18,Product C,4230
2026-01-19,Product C,6181
2026-01-20,Product C,6533
2026-01-21,Product C,5871
2026-01-22,Product C,6130
2026-01-23,Product C,5858
2026-01-24,Product C,4791
2026-01-25,Product C,3844
2026-01-26,Product C,6131
2026-01-27,Product C,6162
2026-01-28,Product C,6439
2026-01-29,Product C,6244
2026-01-30,Product C,5835
2026-01-31,Product C,4515
2026-02-01,Product C,4357
2026-02-02,Product C,5995
2026-02-03,Product C,6744
2026-02-04,Product C,6301
2026-02-05,Product C,5310
2026-02-06,Product C,6045
2026-02-07,Product C,4520
2026-02-08,Product C,4098
2026-02-09,Product C,5995
2026-02-10,Product C,6625
2026-02-11,Product C,6970
2026-02-12,Product C,6424
2026-02-13,Product C,6080
2026-02-14,Product C,4963
2026-02-15,Product C,4436
2026-02-16,Product C,6276
2026-02-17,Product C,6317
2026-02-18,Product C,6066
2026-02-19,Product C,6308
2026-02-20,Product C,6427
2026-02-21,Product C,4911
2026-02-22,Product C,4520
2026-02-23,Product C,6297
2026-02-24,Product C,7021
2026-02-25,Product C,6312
2026-02-26,Product C,6791
2026-02-27,Product C,6155
2026-02-28,Product C,4824
2026-03-01,Product C,4345
2026-03-02,Product C,6544
2026-03-03,Product C,7256
2026-03-04,Product C,7037
2026-03-05,Product C,6960
2026-03-06,Product C,6747
2026-03-07,Product C,4806
2026-03-08,Product C,4678
2026-03-09,Product C,6543
2026-03-10,Product C,7483
2026-03-11,Product C,6539
2026-03-12,Product C,7027
2026-03-13,Product C,6962
2026-03-14,Product C,5626
2026-03-15,Product C,4720
2026-03-16,Product C,7142
2026-03-17,Product C,7916
2026-03-18,Product C,6824
2026-03-19,Product C,6286
2026-03-20,Product C,6110
2026-03-21,Product C,5401
2026-03-22,Product C,4416
2026-03-23,Product C,6845
2026-03-24,Product C,7341
2026-03-25,Product C,7184
2026-03-26,Product C,7028
2026-03-27,Product C,6890
2026-03-28,Product C,5605
2026-03-29,Product C,4689
2026-03-30,Product C,6804
2026-03-31,Product C,6972
2026-04-01,Product C,7482
2026-04-02,Product C,7256
2026-04-03,Product C,7029
2026-04-04,Product C,5627
2026-04-05,Product C,4671
2026-04-06,Product C,7690
2026-04-07,Product C,7865
2026-04-08,Product C,7504
2026-04-09,Product C,7616
2026-04-10,Product C,6348
2026-04-11,Product C,5208
2026-04-12,Product C,4812
2026-04-13,Product C,7400
2026-04-14,Product C,6966
2026-04-15,Product C,7554
2026-04-16,Product C,7513
2026-04-17,Product C,7199
2026-04-18,Product C,5451
2026-04-19,Product C,4771
2026-04-20,Product C,6870
2026-04-21,Product C,7843
2026-04-22,Product C,7591
2026-04-23,Product C,7042
2026-04-24,Product C,6834
2026-04-25,Product C,4844
2026-04-26,Product C,4763
2026-04-27,Product C,7878
2026-04-28,Product C,6924
2026-04-29,Product C,7390
2026-04-30,Product C,7424
2026-05-01,Product C,6551
2026-05-02,Product C,5446
2026-05-03,Product C,5273
2026-05-04,Product C,7200
2026-05-05,Product C,8461
2026-05-06,Product C,6710
2026-05-07,Product C,7440
2026-05-08,Product C,6926
2026-05-09,Product C,5600
2026-05-10,Product C,5142
2026-05-11,Product C,6922
2026-05-12,Product C,7473
2026-05-13,Product C,6628
2026-05-14,Product C,7264
2026-05-15,Product C,7073
2026-05-16,Product C,5550
2026-05-17,Product C,5282
2026-05-18,Product C,7294
2026-05-19,Product C,7417
2026-05-20,Product C,6959
2026-05-21,Product C,6773
2026-05-22,Product C,7352
2026-05-23,Product C,5738
2026-05-24,Product C,4933
2026-05-25,Product C,7143
2026-05-26,Product C,6992
2026-05-27,Product C,7664
2026-05-28,Product C,7214
2026-05-29,Product C,7567
2026-05-30,Product C,5086
2026-05-31,Product C,4866
2026-06-01,Product C,7160
2026-06-02,Product C,7507
2026-06-03,Product C,7109
2026-06-04,Product C,6627
2026-06-05,Product C,7146
2026-06-06,Product C,5467
2026-06-07,Product C,4693
2026-06-08,Product C,7493
2026-06-09,Product C,7630
2026-06-10,Product C,7170
2026-06-11,Product C,6893
2026-06-12,Product C,6967
2026-06-13,Product C,5001
2026-06-14,Product C,4877
2026-06-15,Product C,6199
2026-06-16,Product C,7446
2026-06-17,Product C,6496
2026-06-18,Product C,7302
2026-06-19,Product C,6594
2026-06-20,Product C,5112
2026-06-21,Product C,4663
2026-06-22,Product C,6767
2026-06-23,Product C,7549
2026-06-24,Product C,6095
2026-06-25,Product C,7136
2026-06-26,Product C,6733
2026-06-27,Product C,4794
2026-06-28,Product C,4497
2026-06-29,Product C,7344
2026-06-30,Product C,6626
2026-07-01,Product C,6472
2026-07-02,Product C,6992
2026-07-03,Product C,6640
2026-07-04,Product C,4794
2026-07-05,Product C,4736
2026-07-06,Product C,6336
2026-07-07,Product C,7232
2026-07-08,Product C,7126
2026-07-09,Product C,6691
2026-07-10,Product C,6548
2026-07-11,Product C,5390
2026-07-12,Product C,4613
2026-07-13,Product C,6187
2026-07-14,Product C,6899
2026-07-15,Product C,7356
2026-07-16,Product C,6089
2026-07-17,Product C,6214
2026-07-18,Product C,4976
2026-07-19,Product C,4526
2026-07-20,Product C,6151
2026-07-21,Product C,7009
2026-07-22,Product C,7310
2026-07-23,Product C,6370
2026-07-24,Product C,5941
2026-07-25,Product C,4421
2026-07-26,Product C,4519
2026-07-27,Product C,6709
2026-07-28,Product C,6678
2026-07-29,Product C,6437
2026-07-30,Product C,6017
2026-07-31,Product C,5781
2026-08-01,Product C,4905
2026-08-02,Product C,4584
2026-08-03,Product C,5764
2026-08-04,Product C,6918
2026-08-05,Product C,6506
2026-08-06,Product C,6516
2026-08-07,Product C,5604
2026-08-08,Product C,4310
2026-08-09,Product C,4274
2026-08-10,Product C,6290
2026-08-11,Product C,6861
2026-08-12,Product C,6432
2026-08-13,Product C,5909
2026-08-14,Product C,5598
2026-08-15,Product C,4823
2026-08-16,Product C,4026
2026-08-17,Product C,6518
2024-10-01,Product D,98
2024-10-02,Product D,114
2024-10-03,Product D,114
2024-10-04,Product D,117
2024-10-05,Product D,96
2024-10-06,Product D,97
2024-10-07,Product D,156
2024-10-08,Product D,170
2024-10-09,Product D,175
2024-10-10,Product D,186
2024-10-11,Product D,201
2024-10-12,Product D,149
2024-10-13,Product D,171
2024-10-14,Product D,245
2024-10-15,Product D,269
2024-10-16,Product D,278
2024-10-17,Product D,287
2024-10-18,Product D,312
2024-10-19,Product D,268
2024-10-20,Product D,305
2024-10-21,Product D,415
2024-10-22,Product D,474
2024-10-23,Product D,509
2024-10-24,Product D,519
2024-10-25,Product D,543
2024-10-26,Product D,423
2024-10-27,Product D,481
2024-10-28,Product D,746
2024-10-29,Product D,687
2024-10-30,Product D,751
2024-10-31,Product D,801
2024-11-01,Product D,813
2024-11-02,Product D,718
2024-11-03,Product D,668
2024-11-04,Product D,1162
2024-11-05,Product D,1209
2024-11-06,Product D,1206
2024-11-07,Product D,1277
2024-11-08,Product D,1336
2024-11-09,Product D,999
2024-11-10,Product D,967
2024-11-11,Product D,1516
2024-11-12,Product D,1697
2024-11-13,Product D,1695
2024-11-14,Product D,1563
2024-11-15,Product D,1680
2024-11-16,Product D,1401
2024-11-17,Product D,1359
2024-11-18,Product D,2222
2024-11-19,Product D,2006
2024-11-20,Product D,2262
2024-11-21,Product D,2364
2024-11-22,Product D,2499
2024-11-23,Product D,1748
2024-11-24,Product D,1755
2024-11-25,Product D,2586
2024-11-26,Product D,2678
2024-11-27,Product D,2675
2024-11-28,Product D,2714
2024-11-29,Product D,2344
2024-11-30,Product D,2188
2024-12-01,Product D,2026
2024-12-02,Product D,2898
2024-12-03,Product D,3381
2024-12-04,Product D,2981
2024-12-05,Product D,2964
2024-12-06,Product D,3339
2024-12-07,Product D,2278
2024-12-08,Product D,2186
2024-12-09,Product D,3228
2024-12-10,Product D,3527
2024-12-11,Product D,3422
2024-12-12,Product D,3090
2024-12-13,Product D,3212
2024-12-14,Product D,2494
2024-12-15,Product D,2413
2024-12-16,Product D,3564
2024-12-17,Product D,3695
2024-12-18,Product D,3288
2024-12-19,Product D,3696
2024-12-20,Product D,3539
2024-12-21,Product D,2904
2024-12-22,Product D,2608
2024-12-23,Product D,3869
2024-12-24,Product D,3882
2024-12-25,Product D,4029
2024-12-26,Product D,3759
2024-12-27,Product D,3624
2024-12-28,Product D,3147
2024-12-29,Product D,2768
2024-12-30,Product D,3913
2024-12-31,Product D,3679
2025-01-01,Product D,3645
2025-01-02,Product D,3832
2025-01-03,Product D,3778
2025-01-04,Product D,2818
2025-01-05,Product D,2743
2025-01-06,Product D,4217
2025-01-07,Product D,4173
2025-01-08,Product D,3777
2025-01-09,Product D,3859
2025-01-10,Product D,3696
2025-01-11,Product D,2925
2025-01-12,Product D,2736
2025-01-13,Product D,3909
2025-01-14,Product D,3874
2025-01-15,Product D,4076
2025-01-16,Product D,3862
2025-01-17,Product D,3364
2025-01-18,Product D,3366
2025-01-19,Product D,3014
2025-01-20,Product D,4019
2025-01-21,Product D,4229
2025-01-22,Product D,3948
2025-01-23,Product D,4404
2025-01-24,Product D,4409
2025-01-25,Product D,3142
2025-01-26,Product D,3068
2025-01-27,Product D,4218
2025-01-28,Product D,4025
2025-01-29,Product D,4192
2025-01-30,Product D,4171
2025-01-31,Product D,4015
2025-02-01,Product D,3146
2025-02-02,Product D,2963
2025-02-03,Product D,4248
2025-02-04,Product D,4410
2025-02-05,Product D,4132
2025-02-06,Product D,4072
2025-02-07,Product D,3919
2025-02-08,Product D,3400
2025-02-09,Product D,2714
2025-02-10,Product D,4596
2025-02-11,Product D,4791
2025-02-12,Product D,4378
2025-02-13,Product D,3742
2025-02-14,Product D,4188
2025-02-15,Product D,3290
2025-02-16,Product D,2932
2025-02-17,Product D,4309
2025-02-18,Product D,4909
2025-02-19,Product D,4673
2025-02-20,Product D,4174
2025-02-21,Product D,3991
2025-02-22,Product D,3302
2025-02-23,Product D,3107
2025-02-24,Product D,4608
2025-02-25,Product D,4511
2025-02-26,Product D,4714
2025-02-27,Product D,4878
2025-02-28,Product D,4587
2025-03-01,Product D,3402
2025-03-02,Product D,3160
2025-03-03,Product D,4485
2025-03-04,Product D,4984
2025-03-05,Product D,4520
2025-03-06,Product D,4524
2025-03-07,Product D,4484
2025-03-08,Product D,3373
2025-03-09,Product D,3013
2025-03-10,Product D,4706
2025-03-11,Product D,4758
2025-03-12,Product D,4849
2025-03-13,Product D,4453
2025-03-14,Product D,4809
2025-03-15,Product D,3352
2025-03-16,Product D,3558
2025-03-17,Product D,4280
2025-03-18,Product D,4937
2025-03-19,Product D,4903
2025-03-20,Product D,4446
2025-03-21,Product D,4683
2025-03-22,Product D,3773
2025-03-23,Product D,2947
2025-03-24,Product D,4862
2025-03-25,Product D,4276
2025-03-26,Product D,4606
2025-03-27,Product D,5060
2025-03-28,Product D,4498
2025-03-29,Product D,3371
2025-03-30,Product D,3314
2025-03-31,Product D,5283
2025-04-01,Product D,4478
2025-04-02,Product D,4627
2025-04-03,Product D,5073
2025-04-04,Product D,5106
2025-04-05,Product D,3592
2025-04-06,Product D,3165
2025-04-07,Product D,5330
2025-04-08,Product D,5363
2025-04-09,Product D,5086
2025-04-10,Product D,4560
2025-04-11,Product D,4692
2025-04-12,Product D,3605
2025-04-13,Product D,3451
2025-04-14,Product D,5205
2025-04-15,Product D,5215
2025-04-16,Product D,4679
2025-04-17,Product D,5106
2025-04-18,Product D,4801
2025-04-19,Product D,3777
2025-04-20,Product D,3659
2025-04-21,Product D,4602
2025-04-22,Product D,5005
2025-04-23,Product D,4831
2025-04-24,Product D,4417
2025-04-25,Product D,4823
2025-04-26,Product D,4121
2025-04-27,Product D,3103
2025-04-28,Product D,4876
2025-04-29,Product D,5185
2025-04-30,Product D,5002
2025-05-01,Product D,4772
2025-05-02,Product D,4438
2025-05-03,Product D,3707
2025-05-04,Product D,3290
2025-05-05,Product D,4350
2025-05-06,Product D,5324
2025-05-07,Product D,5208
2025-05-08,Product D,4809
2025-05-09,Product D,4797
2025-05-10,Product D,3857
2025-05-11,Product D,3454
2025-05-12,Product D,5098
2025-05-13,Product D,4940
2025-05-14,Product D,5285
2025-05-15,Product D,4862
2025-05-16,Product D,4776
2025-05-17,Product D,3418
2025-05-18,Product D,3453
2025-05-19,Product D,4659
2025-05-20,Product D,4837
2025-05-21,Product D,4739
2025-05-22,Product D,4511
2025-05-23,Product D,5209
2025-05-24,Product D,3874
2025-05-25,Product D,3713
2025-05-26,Product D,4539
2025-05-27,Product D,4986
2025-05-28,Product D,4594
2025-05-29,Product D,4572
2025-05-30,Product D,4464
2025-05-31,Product D,3832
2025-06-01,Product D,3298
2025-06-02,Product D,5058
2025-06-03,Product D,5081
2025-06-04,Product D,5436
2025-06-05,Product D,4352
2025-06-06,Product D,4934
2025-06-07,Product D,3784
2025-06-08,Product D,3173
2025-06-09,Product D,4999
2025-06-10,Product D,4970
2025-06-11,Product D,4774
2025-06-12,Product D,4463
2025-06-13,Product D,4431
2025-06-14,Product D,3906
2025-06-15,Product D,3302
2025-06-16,Product D,4894
2025-06-17,Product D,4645
2025-06-18,Product D,4591
2025-06-19,Product D,4853
2025-06-20,Product D,4238
2025-06-21,Product D,3430
2025-06-22,Product D,3269
2025-06-23,Product D,4680
2025-06-24,Product D,4735
2025-06-25,Product D,4812
2025-06-26,Product D,4704
2025-06-27,Product D,4652
2025-06-28,Product D,3287
2025-06-29,Product D,3175
2025-06-30,Product D,4866
2025-07-01,Product D,4924
2025-07-02,Product D,4335
2025-07-03,Product D,4562
2025-07-04,Product D,3987
2025-07-05,Product D,3417
2025-07-06,Product D,3476
2025-07-07,Product D,4311
2025-07-08,Product D,4451
2025-07-09,Product D,4760
2025-07-10,Product D,4076
2025-07-11,Product D,4220
2025-07-12,Product D,3457
2025-07-13,Product D,3027
2025-07-14,Product D,4403
2025-07-15,Product D,4742
2025-07-16,Product D,4608
2025-07-17,Product D,4404
2025-07-18,Product D,4215
2025-07-19,Product D,3363
2025-07-20,Product D,3056
2025-07-21,Product D,4482
2025-07-22,Product D,4384
2025-07-23,Product D,4397
2025-07-24,Product D,4062
2025-07-25,Product D,4208
2025-07-26,Product D,3115
2025-07-27,Product D,2854
2025-07-28,Product D,4363
2025-07-29,Product D,4466
2025-07-30,Product D,4532
2025-07-31,Product D,4109
2025-08-01,Product D,4227
2025-08-02,Product D,3278
2025-08-03,Product D,3036
2025-08-04,Product D,4057
2025-08-05,Product D,4374
2025-08-06,Product D,4362
2025-08-07,Product D,4127
2025-08-08,Product D,3645
2025-08-09,Product D,3158
2025-08-10,Product D,3240
2025-08-11,Product D,4082
2025-08-12,Product D,4109
2025-08-13,Product D,4287
2025-08-14,Product D,4115
2025-08-15,Product D,4235
2025-08-16,Product D,2884
2025-08-17,Product D,2970
2025-08-18,Product D,4204
2025-08-19,Product D,4159
2025-08-20,Product D,4204
2025-08-21,Product D,4186
2025-08-22,Product D,4098
2025-08-23,Product D,2851
2025-08-24,Product D,2931
2025-08-25,Product D,3999
2025-08-26,Product D,4132
2025-08-27,Product D,4078
2025-08-28,Product D,3884
2025-08-29,Product D,4090
2025-08-30,Product D,2961
2025-08-31,Product D,2613
2025-09-01,Product D,3868
2025-09-02,Product D,4085
2025-09-03,Product D,4242
2025-09-04,Product D,3965
2025-09-05,Product D,3636
2025-09-06,Product D,3289
2025-09-07,Product D,2760
2025-09-08,Product D,4131
2025-09-09,Product D,3955
2025-09-10,Product D,4040
2025-09-11,Product D,3949
2025-09-12,Product D,3968
2025-09-13,Product D,3034
2025-09-14,Product D,2801
2025-09-15,Product D,3767
2025-09-16,Product D,3816
2025-09-17,Product D,3944
2025-09-18,Product D,3912
2025-09-19,Product D,3648
2025-09-20,Product D,2994
2025-09-21,Product D,2841
2025-09-22,Product D,3604
2025-09-23,Product D,3716
2025-09-24,Product D,3803
2025-09-25,Product D,3748
2025-09-26,Product D,3549
2025-09-27,Product D,2999
2025-09-28,Product D,2673
2025-09-29,Product D,3741
2025-09-30,Product D,3560
2025-10-01,Product D,3540
2025-10-02,Product D,3704
2025-10-03,Product D,3223
2025-10-04,Product D,2922
2025-10-05,Product D,2572
2025-10-06,Product D,4299
2025-10-07,Product D,4239
2025-10-08,Product D,3722
2025-10-09,Product D,3603
2025-10-10,Product D,3756
2025-10-11,Product D,2995
2025-10-12,Product D,2362
2025-10-13,Product D,3345
2025-10-14,Product D,3657
2025-10-15,Product D,3841
2025-10-16,Product D,3689
2025-10-17,Product D,3748
2025-10-18,Product D,2580
2025-10-19,Product D,2264
2025-10-20,Product D,3812
2025-10-21,Product D,3602
2025-10-22,Product D,3342
2025-10-23,Product D,3613
2025-10-24,Product D,3686
2025-10-25,Product D,2720
2025-10-26,Product D,2495
2025-10-27,Product D,3618
2025-10-28,Product D,3681
2025-10-29,Product D,3461
2025-10-30,Product D,3454
2025-10-31,Product D,3635
2025-11-01,Product D,2779
2025-11-02,Product D,2575
2025-11-03,Product D,3467
2025-11-04,Product D,3719
2025-11-05,Product D,3310
2025-11-06,Product D,3619
2025-11-07,Product D,3802
2025-11-08,Product D,2539
2025-11-09,Product D,2485
2025-11-10,Product D,3719
2025-11-11,Product D,4001
2025-11-12,Product D,3644
2025-11-13,Product D,3477
2025-11-14,Product D,3213
2025-11-15,Product D,2768
2025-11-16,Product D,2835
2025-11-17,Product D,3729
2025-11-18,Product D,3783
2025-11-19,Product D,3811
2025-11-20,Product D,3622
2025-11-21,Product D,3442
2025-11-22,Product D,2887
2025-11-23,Product D,2621
2025-11-24,Product D,3710
2025-11-25,Product D,3631
2025-11-26,Product D,4029
2025-11-27,Product D,3778
2025-11-28,Product D,3521
2025-11-29,Product D,2939
2025-11-30,Product D,2551
2025-12-01,Product D,3597
2025-12-02,Product D,3710
2025-12-03,Product D,3484
2025-12-04,Product D,3783
2025-12-05,Product D,3326
2025-12-06,Product D,2657
2025-12-07,Product D,2373
2025-12-08,Product D,3773
2025-12-09,Product D,3875
2025-12-10,Product D,3807
2025-12-11,Product D,3548
2025-12-12,Product D,3492
2025-12-13,Product D,2936
2025-12-14,Product D,2610
2025-12-15,Product D,3902
2025-12-16,Product D,3784
2025-12-17,Product D,3961
2025-12-18,Product D,4046
2025-12-19,Product D,3874
2025-12-20,Product D,2852
2025-12-21,Product D,2759
2025-12-22,Product D,3854
2025-12-23,Product D,4023
2025-12-24,Product D,3923
2025-12-25,Product D,3827
2025-12-26,Product D,3866
2025-12-27,Product D,2813
2025-12-28,Product D,2629
2025-12-29,Product D,3691
2025-12-30,Product D,3762
2025-12-31,Product D,3809
2026-01-01,Product D,3956
2026-01-02,Product D,3718
2026-01-03,Product D,3089
2026-01-04,Product D,2823
2026-01-05,Product D,3639
2026-01-06,Product D,4298
2026-01-07,Product D,4296
2026-01-08,Product D,3797
2026-01-09,Product D,4045
2026-01-10,Product D,2935
2026-01-11,Product D,2883
2026-01-12,Product D,3850
2026-01-13,Product D,3859
2026-01-14,Product D,4124
2026-01-15,Product D,4045
2026-01-16,Product D,3955
2026-01-17,Product D,2939
2026-01-18,Product D,2865
2026-01-19,Product D,4244
2026-01-20,Product D,4308
2026-01-21,Product D,4323
2026-01-22,Product D,4007
2026-01-23,Product D,4352
2026-01-24,Product D,2995
2026-01-25,Product D,3051
2026-01-26,Product D,4518
2026-01-27,Product D,4505
2026-01-28,Product D,4320
2026-01-29,Product D,4113
2026-01-30,Product D,4405
2026-01-31,Product D,3011
2026-02-01,Product D,2887
2026-02-02,Product D,4259
2026-02-03,Product D,4758
2026-02-04,Product D,4530
2026-02-05,Product D,4094
2026-02-06,Product D,4199
2026-02-07,Product D,3200
2026-02-08,Product D,2979
2026-02-09,Product D,4641
2026-02-10,Product D,4249
2026-02-11,Product D,4889
2026-02-12,Product D,4561
2026-02-13,Product D,4578
2026-02-14,Product D,3282
2026-02-15,Product D,3120
2026-02-16,Product D,4179
2026-02-17,Product D,4520
2026-02-18,Product D,4717
2026-02-19,Product D,4743
2026-02-20,Product D,4171
2026-02-21,Product D,3354
2026-02-22,Product D,3172
2026-02-23,Product D,4257
2026-02-24,Product D,4858
2026-02-25,Product D,4509
2026-02-26,Product D,4482
2026-02-27,Product D,4385
2026-02-28,Product D,3334
2026-03-01,Product D,3245
2026-03-02,Product D,4598
2026-03-03,Product D,4702
2026-03-04,Product D,4577
2026-03-05,Product D,4668
2026-03-06,Product D,4929
2026-03-07,Product D,3547
2026-03-08,Product D,3458
2026-03-09,Product D,4387
2026-03-10,Product D,4897
2026-03-11,Product D,4552
2026-03-12,Product D,4314
2026-03-13,Product D,4444
2026-03-14,Product D,3781
2026-03-15,Product D,3495
2026-03-16,Product D,4833
2026-03-17,Product D,4543
2026-03-18,Product D,4828
2026-03-19,Product D,4786
2026-03-20,Product D,4711
2026-03-21,Product D,3278
2026-03-22,Product D,3225
2026-03-23,Product D,4814
2026-03-24,Product D,5108
2026-03-25,Product D,4388
2026-03-26,Product D,4726
2026-03-27,Product D,4752
2026-03-28,Product D,3803
2026-03-29,Product D,3527
2026-03-30,Product D,5018
2026-03-31,Product D,4821
2026-04-01,Product D,4500
2026-04-02,Product D,4713
2026-04-03,Product D,4998
2026-04-04,Product D,3935
2026-04-05,Product D,3559
2026-04-06,Product D,5021
2026-04-07,Product D,5157
2026-04-08,Product D,4872
2026-04-09,Product D,4811
2026-04-10,Product D,5193
2026-04-11,Product D,3529
2026-04-12,Product D,3738
2026-04-13,Product D,4866
2026-04-14,Product D,5428
2026-04-15,Product D,4686
2026-04-16,Product D,5011
2026-04-17,Product D,4640
2026-04-18,Product D,3458
2026-04-19,Product D,3513
2026-04-20,Product D,5218
2026-04-21,Product D,4895
2026-04-22,Product D,4680
2026-04-23,Product D,4863
2026-04-24,Product D,4812
2026-04-25,Product D,3835
2026-04-26,Product D,3650
2026-04-27,Product D,4965
2026-04-28,Product D,5598
2026-04-29,Product D,5126
2026-04-30,Product D,4809
2026-05-01,Product D,4450
2026-05-02,Product D,3688
2026-05-03,Product D,3429
2026-05-04,Product D,5222
2026-05-05,Product D,5243
2026-05-06,Product D,4770
2026-05-07,Product D,4935
2026-05-08,Product D,5000
2026-05-09,Product D,4019
2026-05-10,Product D,3639
2026-05-11,Product D,5165
2026-05-12,Product D,5131
2026-05-13,Product D,5158
2026-05-14,Product D,5187
2026-05-15,Product D,4504
2026-05-16,Product D,3659
2026-05-17,Product D,3340
2026-05-18,Product D,5054
2026-05-19,Product D,5412
2026-05-20,Product D,4891
2026-05-21,Product D,4282
2026-05-22,Product D,4706
2026-05-23,Product D,3876
2026-05-24,Product D,3550
2026-05-25,Product D,5041
2026-05-26,Product D,5000
2026-05-27,Product D,4692
2026-05-28,Product D,4959
2026-05-29,Product D,4577
2026-05-30,Product D,4086
2026-05-31,Product D,3532
2026-06-01,Product D,4759
2026-06-02,Product D,4882
2026-06-03,Product D,4953
2026-06-04,Product D,4741
2026-06-05,Product D,5004
2026-06-06,Product D,3688
2026-06-07,Product D,3281
2026-06-08,Product D,5319
2026-06-09,Product D,5004
2026-06-10,Product D,5121
2026-06-11,Product D,4609
2026-06-12,Product D,4780
2026-06-13,Product D,3675
2026-06-14,Product D,3054
2026-06-15,Product D,5295
2026-06-16,Product D,5258
2026-06-17,Product D,4782
2026-06-18,Product D,4443
2026-06-19,Product D,4723
2026-06-20,Product D,3593
2026-06-21,Product D,3393
2026-06-22,Product D,4800
2026-06-23,Product D,5004
2026-06-24,Product D,5169
2026-06-25,Product D,4777
2026-06-26,Product D,4344
2026-06-27,Product D,3773
2026-06-28,Product D,3561
2026-06-29,Product D,5431
2026-06-30,Product D,4546
2026-07-01,Product D,4813
2026-07-02,Product D,4104
2026-07-03,Product D,4646
2026-07-04,Product D,3388
2026-07-05,Product D,3556
2026-07-06,Product D,4446
2026-07-07,Product D,4345
2026-07-08,Product D,4575
2026-07-09,Product D,4068
2026-07-10,Product D,4621
2026-07-11,Product D,3076
2026-07-12,Product D,3199
2026-07-13,Product D,4080
2026-07-14,Product D,4598
2026-07-15,Product D,4991
2026-07-16,Product D,4522
2026-07-17,Product D,4193
2026-07-18,Product D,3370
2026-07-19,Product D,3146
2026-07-20,Product D,4585
2026-07-21,Product D,4282
2026-07-22,Product D,4670
2026-07-23,Product D,3777
2026-07-24,Product D,4173
2026-07-25,Product D,3237
2026-07-26,Product D,3187
2026-07-27,Product D,4408
2026-07-28,Product D,4200
2026-07-29,Product D,4239
2026-07-30,Product D,4335
2026-07-31,Product D,4218
2026-08-01,Product D,3166
2026-08-02,Product D,2963
2026-08-03,Product D,4476
2026-08-04,Product D,4323
2026-08-05,Product D,4360
2026-08-06,Product D,4675
2026-08-07,Product D,3864
2026-08-08,Product D,2906
2026-08-09,Product D,3099
2026-08-10,Product D,4105
2026-08-11,Product D,4290
2026-08-12,Product D,4134
2026-08-13,Product D,4089
2026-08-14,Product D,4413
2026-08-15,Product D,3273
2026-08-16,Product D,3055
2026-08-17,Product D,3878
2025-06-01,Product E,138
2025-06-02,Product E,194
2025-06-03,Product E,241
2025-06-04,Product E,282
2025-06-05,Product E,287
2025-06-06,Product E,295
2025-06-07,Product E,248
2025-06-08,Product E,241
2025-06-09,Product E,389
2025-06-10,Product E,443
2025-06-11,Product E,418
2025-06-12,Product E,480
2025-06-13,Product E,527
2025-06-14,Product E,409
2025-06-15,Product E,434
2025-06-16,Product E,735
2025-06-17,Product E,708
2025-06-18,Product E,770
2025-06-19,Product E,754
2025-06-20,Product E,837
2025-06-21,Product E,702
2025-06-22,Product E,693
2025-06-23,Product E,995
2025-06-24,Product E,1165
2025-06-25,Product E,1308
2025-06-26,Product E,1284
2025-06-27,Product E,1388
2025-06-28,Product E,1076
2025-06-29,Product E,1122
2025-06-30,Product E,1666
2025-07-01,Product E,1709
2025-07-02,Product E,1913
2025-07-03,Product E,1830
2025-07-04,Product E,1951
2025-07-05,Product E,1659
2025-07-06,Product E,1643
2025-07-07,Product E,2292
2025-07-08,Product E,2776
2025-07-09,Product E,2820
2025-07-10,Product E,2679
2025-07-11,Product E,2655
2025-07-12,Product E,2306
2025-07-13,Product E,2213
2025-07-14,Product E,3390
2025-07-15,Product E,3544
2025-07-16,Product E,3339
2025-07-17,Product E,3645
2025-07-18,Product E,3749
2025-07-19,Product E,3136
2025-07-20,Product E,2827
2025-07-21,Product E,4677
2025-07-22,Product E,4132
2025-07-23,Product E,4950
2025-07-24,Product E,4551
2025-07-25,Product E,4864
2025-07-26,Product E,3699
2025-07-27,Product E,3714
2025-07-28,Product E,5024
2025-07-29,Product E,5075
2025-07-30,Product E,5793
2025-07-31,Product E,5278
2025-08-01,Product E,5390
2025-08-02,Product E,4433
2025-08-03,Product E,3745
2025-08-04,Product E,5881
2025-08-05,Product E,5766
2025-08-06,Product E,5901
2025-08-07,Product E,5810
2025-08-08,Product E,5343
2025-08-09,Product E,4320
2025-08-10,Product E,4512
2025-08-11,Product E,6347
2025-08-12,Product E,6269
2025-08-13,Product E,6332
2025-08-14,Product E,5980
2025-08-15,Product E,6437
2025-08-16,Product E,4625
2025-08-17,Product E,4426
2025-08-18,Product E,6628
2025-08-19,Product E,6214
2025-08-20,Product E,6910
2025-08-21,Product E,5726
2025-08-22,Product E,6642
2025-08-23,Product E,4659
2025-08-24,Product E,4382
2025-08-25,Product E,5742
2025-08-26,Product E,6378
2025-08-27,Product E,6124
2025-08-28,Product E,6047
2025-08-29,Product E,6125
2025-08-30,Product E,4988
2025-08-31,Product E,4488
2025-09-01,Product E,6440
2025-09-02,Product E,6163
2025-09-03,Product E,6162
2025-09-04,Product E,6777
2025-09-05,Product E,5917
2025-09-06,Product E,5131
2025-09-07,Product E,4364
2025-09-08,Product E,6305
2025-09-09,Product E,6823
2025-09-10,Product E,6807
2025-09-11,Product E,6136
2025-09-12,Product E,5976
2025-09-13,Product E,4685
2025-09-14,Product E,4453
2025-09-15,Product E,6526
2025-09-16,Product E,6418
2025-09-17,Product E,6536
2025-09-18,Product E,6612
2025-09-19,Product E,6150
2025-09-20,Product E,4725
2025-09-21,Product E,4007
2025-09-22,Product E,5372
2025-09-23,Product E,6477
2025-09-24,Product E,6248
2025-09-25,Product E,5896
2025-09-26,Product E,6049
2025-09-27,Product E,4594
2025-09-28,Product E,4537
2025-09-29,Product E,6154
2025-09-30,Product E,6059
2025-10-01,Product E,6528
2025-10-02,Product E,5932
2025-10-03,Product E,6079
2025-10-04,Product E,4459
2025-10-05,Product E,4120
2025-10-06,Product E,6102
2025-10-07,Product E,6248
2025-10-08,Product E,6319
2025-10-09,Product E,5872
2025-10-10,Product E,5340
2025-10-11,Product E,4437
2025-10-12,Product E,4397
2025-10-13,Product E,5948
2025-10-14,Product E,6128
2025-10-15,Product E,6437
2025-10-16,Product E,5707
2025-10-17,Product E,5397
2025-10-18,Product E,4476
2025-10-19,Product E,4108
2025-10-20,Product E,5720
2025-10-21,Product E,6125
2025-10-22,Product E,6262
2025-10-23,Product E,5895
2025-10-24,Product E,5920
2025-10-25,Product E,4908
2025-10-26,Product E,4127
2025-10-27,Product E,6082
2025-10-28,Product E,6012
2025-10-29,Product E,5845
2025-10-30,Product E,5719
2025-10-31,Product E,5687
2025-11-01,Product E,4580
2025-11-02,Product E,4693
2025-11-03,Product E,5786
2025-11-04,Product E,6045
2025-11-05,Product E,6091
2025-11-06,Product E,6017
2025-11-07,Product E,5914
2025-11-08,Product E,4798
2025-11-09,Product E,3699
2025-11-10,Product E,5300
2025-11-11,Product E,6040
2025-11-12,Product E,6469
2025-11-13,Product E,5460
2025-11-14,Product E,4981
2025-11-15,Product E,4659
2025-11-16,Product E,4283
2025-11-17,Product E,5721
2025-11-18,Product E,5922
2025-11-19,Product E,5870
2025-11-20,Product E,5995
2025-11-21,Product E,5718
2025-11-22,Product E,4675
2025-11-23,Product E,3654
2025-11-24,Product E,5836
2025-11-25,Product E,5926
2025-11-26,Product E,6142
2025-11-27,Product E,5852
2025-11-28,Product E,6194
2025-11-29,Product E,4177
2025-11-30,Product E,4314
2025-12-01,Product E,6331
2025-12-02,Product E,6934
2025-12-03,Product E,6136
2025-12-04,Product E,6179
2025-12-05,Product E,5480
2025-12-06,Product E,4101
2025-12-07,Product E,4539
2025-12-08,Product E,6231
2025-12-09,Product E,6802
2025-12-10,Product E,5930
2025-12-11,Product E,6318
2025-12-12,Product E,6672
2025-12-13,Product E,4819
2025-12-14,Product E,4476
2025-12-15,Product E,6322
2025-12-16,Product E,6002
2025-12-17,Product E,6896
2025-12-18,Product E,6057
2025-12-19,Product E,6349
2025-12-20,Product E,4417
2025-12-21,Product E,4217
2025-12-22,Product E,6878
2025-12-23,Product E,6501
2025-12-24,Product E,7037
2025-12-25,Product E,6323
2025-12-26,Product E,5713
2025-12-27,Product E,5087
2025-12-28,Product E,4422
2025-12-29,Product E,6752
2025-12-30,Product E,6736
2025-12-31,Product E,6157
2026-01-01,Product E,6510
2026-01-02,Product E,7104
2026-01-03,Product E,5077
2026-01-04,Product E,4623
2026-01-05,Product E,6997
2026-01-06,Product E,6919
2026-01-07,Product E,6863
2026-01-08,Product E,6215
2026-01-09,Product E,6594
2026-01-10,Product E,5306
2026-01-11,Product E,4523
2026-01-12,Product E,7243
2026-01-13,Product E,6941
2026-01-14,Product E,6610
2026-01-15,Product E,7029
2026-01-16,Product E,6543
2026-01-17,Product E,5334
2026-01-18,Product E,4739
2026-01-19,Product E,6868
2026-01-20,Product E,7279
2026-01-21,Product E,7150
2026-01-22,Product E,6141
2026-01-23,Product E,6384
2026-01-24,Product E,5479
2026-01-25,Product E,4867
2026-01-26,Product E,6834
2026-01-27,Product E,6746
2026-01-28,Product E,6792
2026-01-29,Product E,6247
2026-01-30,Product E,6855
2026-01-31,Product E,5174
2026-02-01,Product E,4750
2026-02-02,Product E,7124
2026-02-03,Product E,7506
2026-02-04,Product E,8078
2026-02-05,Product E,6543
2026-02-06,Product E,7424
2026-02-07,Product E,5696
2026-02-08,Product E,4884
2026-02-09,Product E,7353
2026-02-10,Product E,7334
2026-02-11,Product E,7514
2026-02-12,Product E,7748
2026-02-13,Product E,7359
2026-02-14,Product E,5668
2026-02-15,Product E,5060
2026-02-16,Product E,6857
2026-02-17,Product E,7557
2026-02-18,Product E,8030
2026-02-19,Product E,6769
2026-02-20,Product E,6881
2026-02-21,Product E,5657
2026-02-22,Product E,5000
2026-02-23,Product E,7231
2026-02-24,Product E,7598
2026-02-25,Product E,7172
2026-02-26,Product E,7084
2026-02-27,Product E,7640
2026-02-28,Product E,5337
2026-03-01,Product E,4914
2026-03-02,Product E,7406
2026-03-03,Product E,8170
2026-03-04,Product E,7737
2026-03-05,Product E,7383
2026-03-06,Product E,7507
2026-03-07,Product E,5288
2026-03-08,Product E,5553
2026-03-09,Product E,7905
2026-03-10,Product E,7829
2026-03-11,Product E,8321
2026-03-12,Product E,7231
2026-03-13,Product E,8020
2026-03-14,Product E,5917
2026-03-15,Product E,5397
2026-03-16,Product E,7848
2026-03-17,Product E,8051
2026-03-18,Product E,8511
2026-03-19,Product E,7339
2026-03-20,Product E,7390
2026-03-21,Product E,6248
2026-03-22,Product E,5388
2026-03-23,Product E,8303
2026-03-24,Product E,8879
2026-03-25,Product E,7946
2026-03-26,Product E,8106
2026-03-27,Product E,7315
2026-03-28,Product E,6228
2026-03-29,Product E,5664
2026-03-30,Product E,8212
2026-03-31,Product E,7995
2026-04-01,Product E,7504
2026-04-02,Product E,8109
2026-04-03,Product E,7023
2026-04-04,Product E,5956
2026-04-05,Product E,5921
2026-04-06,Product E,8164
2026-04-07,Product E,9137
2026-04-08,Product E,8668
2026-04-09,Product E,7706
2026-04-10,Product E,7896
2026-04-11,Product E,6078
2026-04-12,Product E,5241
2026-04-13,Product E,7754
2026-04-14,Product E,8140
2026-04-15,Product E,7448
2026-04-16,Product E,8029
2026-04-17,Product E,7827
2026-04-18,Product E,5610
2026-04-19,Product E,5833
2026-04-20,Product E,8465
2026-04-21,Product E,8505
2026-04-22,Product E,8189
2026-04-23,Product E,8276
2026-04-24,Product E,8222
2026-04-25,Product E,6235
2026-04-26,Product E,5497
2026-04-27,Product E,8306
2026-04-28,Product E,8931
2026-04-29,Product E,8091
2026-04-30,Product E,8896
2026-05-01,Product E,7754
2026-05-02,Product E,6158
2026-05-03,Product E,5545
2026-05-04,Product E,8288
2026-05-05,Product E,7696
2026-05-06,Product E,8112
2026-05-07,Product E,7610
2026-05-08,Product E,8013
2026-05-09,Product E,6448
2026-05-10,Product E,5917
2026-05-11,Product E,7215
2026-05-12,Product E,9276
2026-05-13,Product E,8447
2026-05-14,Product E,7721
2026-05-15,Product E,8002
2026-05-16,Product E,6181
2026-05-17,Product E,5525
2026-05-18,Product E,8241
2026-05-19,Product E,8133
2026-05-20,Product E,8126
2026-05-21,Product E,7726
2026-05-22,Product E,7340
2026-05-23,Product E,6144
2026-05-24,Product E,5854
2026-05-25,Product E,8328
2026-05-26,Product E,8686
2026-05-27,Product E,8382
2026-05-28,Product E,7743
2026-05-29,Product E,8188
2026-05-30,Product E,5649
2026-05-31,Product E,5396
2026-06-01,Product E,7675
2026-06-02,Product E,8732
2026-06-03,Product E,8573
2026-06-04,Product E,8087
2026-06-05,Product E,8215
2026-06-06,Product E,5748
2026-06-07,Product E,5702
2026-06-08,Product E,7945
2026-06-09,Product E,8560
2026-06-10,Product E,8067
2026-06-11,Product E,7671
2026-06-12,Product E,7932
2026-06-13,Product E,6215
2026-06-14,Product E,5363
2026-06-15,Product E,7890
2026-06-16,Product E,7697
2026-06-17,Product E,7025
2026-06-18,Product E,7814
2026-06-19,Product E,7871
2026-06-20,Product E,5964
2026-06-21,Product E,4950
2026-06-22,Product E,7684
2026-06-23,Product E,7140
2026-06-24,Product E,8474
2026-06-25,Product E,7227
2026-06-26,Product E,8016
2026-06-27,Product E,6087
2026-06-28,Product E,5170
2026-06-29,Product E,7282
2026-06-30,Product E,8063
2026-07-01,Product E,7494
2026-07-02,Product E,7576
2026-07-03,Product E,7259
2026-07-04,Product E,5220
2026-07-05,Product E,4742
2026-07-06,Product E,7695
2026-07-07,Product E,7590
2026-07-08,Product E,7496
2026-07-09,Product E,7685
2026-07-10,Product E,7757
2026-07-11,Product E,5567
2026-07-12,Product E,5166
2026-07-13,Product E,7679
2026-07-14,Product E,7166
2026-07-15,Product E,7673
2026-07-16,Product E,7510
2026-07-17,Product E,7456
2026-07-18,Product E,5016
2026-07-19,Product E,4974
2026-07-20,Product E,7046
2026-07-21,Product E,7599
2026-07-22,Product E,7643
2026-07-23,Product E,7725
2026-07-24,Product E,6914
2026-07-25,Product E,5324
2026-07-26,Product E,5376
2026-07-27,Product E,7352
2026-07-28,Product E,7903
2026-07-29,Product E,7441
2026-07-30,Product E,6654
2026-07-31,Product E,6503
2026-08-01,Product E,4949
2026-08-02,Product E,5160
2026-08-03,Product E,7540
2026-08-04,Product E,7977
2026-08-05,Product E,7510
2026-08-06,Product E,7342
2026-08-07,Product E,6646
2026-08-08,Product E,4966
2026-08-09,Product E,5115
2026-08-10,Product E,7137
2026-08-11,Product E,7211
2026-08-12,Product E,7215
2026-08-13,Product E,6926
2026-08-14,Product E,7154
2026-08-15,Product E,5512
2026-08-16,Product E,4951
2026-08-17,Product E,7158
